25-01-27.12:28:50.098 [main            ] WARN  StartupInfoLogger      - InetAddress.getLocalHost().getHostName() took 5003 milliseconds to respond. Please verify your network configuration (macOS machines may need to add entries to /etc/hosts).
25-01-27.12:28:55.105 [main            ] WARN  ApplicationPid         - ManagementFactory.getRuntimeMXBean().getName() took 5003 milliseconds to respond. This may be due to slow host name resolution. Please verify your network configuration (macOS machines may need to add entries to /etc/hosts).
25-01-27.12:28:57.658 [main            ] WARN  DnsServerAddressStreamProviders - Can not find io.netty.resolver.dns.macos.MacOSDnsServerAddressStreamProvider in the classpath, fallback to system defaults. This may result in incorrect DNS resolutions on MacOS. Check whether you have a dependency on 'io.netty:netty-resolver-dns-native-macos'
25-01-27.12:35:48.711 [main            ] WARN  StartupInfoLogger      - InetAddress.getLocalHost().getHostName() took 5003 milliseconds to respond. Please verify your network configuration (macOS machines may need to add entries to /etc/hosts).
25-01-27.12:35:53.718 [main            ] WARN  ApplicationPid         - ManagementFactory.getRuntimeMXBean().getName() took 5003 milliseconds to respond. This may be due to slow host name resolution. Please verify your network configuration (macOS machines may need to add entries to /etc/hosts).
25-01-27.12:35:56.704 [main            ] WARN  DnsServerAddressStreamProviders - Can not find io.netty.resolver.dns.macos.MacOSDnsServerAddressStreamProvider in the classpath, fallback to system defaults. This may result in incorrect DNS resolutions on MacOS. Check whether you have a dependency on 'io.netty:netty-resolver-dns-native-macos'
25-01-27.12:36:07.378 [http-nio-8091-exec-2] WARN  DefaultHandlerExceptionResolver - Resolved [org.springframework.http.converter.HttpMessageNotReadableException: Required request body is missing: public cn.bugstack.types.model.Response<cn.bugstack.trigger.api.dto.ActivityDrawResponseDTO> cn.bugstack.trigger.http.RaffleActivityController.draw(cn.bugstack.trigger.api.dto.ActivityDrawRequestDTO)]
25-01-27.12:36:34.943 [http-nio-8091-exec-4] WARN  DefaultHandlerExceptionResolver - Resolved [org.springframework.http.converter.HttpMessageNotReadableException: Required request body is missing: public cn.bugstack.types.model.Response<cn.bugstack.trigger.api.dto.ActivityDrawResponseDTO> cn.bugstack.trigger.http.RaffleActivityController.draw(cn.bugstack.trigger.api.dto.ActivityDrawRequestDTO)]
25-01-27.12:38:25.757 [http-nio-8091-exec-6] WARN  DefaultHandlerExceptionResolver - Resolved [org.springframework.web.HttpMediaTypeNotSupportedException: Content type 'multipart/form-data;boundary=--------------------------458491413194904457608493;charset=UTF-8' not supported]
25-01-27.12:39:19.416 [http-nio-8091-exec-7] ERROR RaffleActivityController - 活动抽奖失败 userId:xiaofuge activityId:100301
cn.bugstack.types.exception.AppException: null
	at cn.bugstack.infrastructure.persistent.repository.StrategyRepository.getRateRange(StrategyRepository.java:132)
	at cn.bugstack.infrastructure.persistent.repository.StrategyRepository.getRateRange(StrategyRepository.java:124)
	at cn.bugstack.infrastructure.persistent.repository.StrategyRepository$$FastClassBySpringCGLIB$$1981c8fe.invoke(<generated>)
	at org.springframework.cglib.proxy.MethodProxy.invoke(MethodProxy.java:218)
	at org.springframework.aop.framework.CglibAopProxy$CglibMethodInvocation.invokeJoinpoint(CglibAopProxy.java:793)
	at org.springframework.aop.framework.ReflectiveMethodInvocation.proceed(ReflectiveMethodInvocation.java:163)
	at org.springframework.aop.framework.CglibAopProxy$CglibMethodInvocation.proceed(CglibAopProxy.java:763)
	at org.springframework.dao.support.PersistenceExceptionTranslationInterceptor.invoke(PersistenceExceptionTranslationInterceptor.java:137)
	at org.springframework.aop.framework.ReflectiveMethodInvocation.proceed(ReflectiveMethodInvocation.java:186)
	at org.springframework.aop.framework.CglibAopProxy$CglibMethodInvocation.proceed(CglibAopProxy.java:763)
	at org.springframework.aop.framework.CglibAopProxy$DynamicAdvisedInterceptor.intercept(CglibAopProxy.java:708)
	at cn.bugstack.infrastructure.persistent.repository.StrategyRepository$$EnhancerBySpringCGLIB$$a3ee9ddb.getRateRange(<generated>)
	at cn.bugstack.domain.strategy.service.armory.StrategyArmoryDispatch.getRandomAwardId(StrategyArmoryDispatch.java:142)
	at cn.bugstack.domain.strategy.service.rule.chain.impl.DefaultLogicChain.logic(DefaultLogicChain.java:25)
	at cn.bugstack.domain.strategy.service.raffle.DefaultRaffleStrategy.raffleLogicChain(DefaultRaffleStrategy.java:35)
	at cn.bugstack.domain.strategy.service.AbstractRaffleStrategy.performRaffle(AbstractRaffleStrategy.java:46)
	at cn.bugstack.trigger.http.RaffleActivityController.draw(RaffleActivityController.java:123)
	at sun.reflect.NativeMethodAccessorImpl.invoke0(Native Method)
	at sun.reflect.NativeMethodAccessorImpl.invoke(NativeMethodAccessorImpl.java:62)
	at sun.reflect.DelegatingMethodAccessorImpl.invoke(DelegatingMethodAccessorImpl.java:43)
	at java.lang.reflect.Method.invoke(Method.java:498)
	at org.springframework.web.method.support.InvocableHandlerMethod.doInvoke(InvocableHandlerMethod.java:205)
	at org.springframework.web.method.support.InvocableHandlerMethod.invokeForRequest(InvocableHandlerMethod.java:150)
	at org.springframework.web.servlet.mvc.method.annotation.ServletInvocableHandlerMethod.invokeAndHandle(ServletInvocableHandlerMethod.java:117)
	at org.springframework.web.servlet.mvc.method.annotation.RequestMappingHandlerAdapter.invokeHandlerMethod(RequestMappingHandlerAdapter.java:895)
	at org.springframework.web.servlet.mvc.method.annotation.RequestMappingHandlerAdapter.handleInternal(RequestMappingHandlerAdapter.java:808)
	at org.springframework.web.servlet.mvc.method.AbstractHandlerMethodAdapter.handle(AbstractHandlerMethodAdapter.java:87)
	at org.springframework.web.servlet.DispatcherServlet.doDispatch(DispatcherServlet.java:1072)
	at org.springframework.web.servlet.DispatcherServlet.doService(DispatcherServlet.java:965)
	at org.springframework.web.servlet.FrameworkServlet.processRequest(FrameworkServlet.java:1006)
	at org.springframework.web.servlet.FrameworkServlet.doPost(FrameworkServlet.java:909)
	at javax.servlet.http.HttpServlet.service(HttpServlet.java:555)
	at org.springframework.web.servlet.FrameworkServlet.service(FrameworkServlet.java:883)
	at javax.servlet.http.HttpServlet.service(HttpServlet.java:623)
	at org.apache.catalina.core.ApplicationFilterChain.internalDoFilter(ApplicationFilterChain.java:209)
	at org.apache.catalina.core.ApplicationFilterChain.doFilter(ApplicationFilterChain.java:153)
	at org.apache.tomcat.websocket.server.WsFilter.doFilter(WsFilter.java:51)
	at org.apache.catalina.core.ApplicationFilterChain.internalDoFilter(ApplicationFilterChain.java:178)
	at org.apache.catalina.core.ApplicationFilterChain.doFilter(ApplicationFilterChain.java:153)
	at org.springframework.web.filter.RequestContextFilter.doFilterInternal(RequestContextFilter.java:100)
	at org.springframework.web.filter.OncePerRequestFilter.doFilter(OncePerRequestFilter.java:117)
	at org.apache.catalina.core.ApplicationFilterChain.internalDoFilter(ApplicationFilterChain.java:178)
	at org.apache.catalina.core.ApplicationFilterChain.doFilter(ApplicationFilterChain.java:153)
	at org.springframework.web.filter.FormContentFilter.doFilterInternal(FormContentFilter.java:93)
	at org.springframework.web.filter.OncePerRequestFilter.doFilter(OncePerRequestFilter.java:117)
	at org.apache.catalina.core.ApplicationFilterChain.internalDoFilter(ApplicationFilterChain.java:178)
	at org.apache.catalina.core.ApplicationFilterChain.doFilter(ApplicationFilterChain.java:153)
	at org.springframework.boot.actuate.metrics.web.servlet.WebMvcMetricsFilter.doFilterInternal(WebMvcMetricsFilter.java:96)
	at org.springframework.web.filter.OncePerRequestFilter.doFilter(OncePerRequestFilter.java:117)
	at org.apache.catalina.core.ApplicationFilterChain.internalDoFilter(ApplicationFilterChain.java:178)
	at org.apache.catalina.core.ApplicationFilterChain.doFilter(ApplicationFilterChain.java:153)
	at org.springframework.web.filter.CharacterEncodingFilter.doFilterInternal(CharacterEncodingFilter.java:201)
	at org.springframework.web.filter.OncePerRequestFilter.doFilter(OncePerRequestFilter.java:117)
	at org.apache.catalina.core.ApplicationFilterChain.internalDoFilter(ApplicationFilterChain.java:178)
	at org.apache.catalina.core.ApplicationFilterChain.doFilter(ApplicationFilterChain.java:153)
	at org.apache.catalina.core.StandardWrapperValve.invoke(StandardWrapperValve.java:167)
	at org.apache.catalina.core.StandardContextValve.invoke(StandardContextValve.java:90)
	at org.apache.catalina.authenticator.AuthenticatorBase.invoke(AuthenticatorBase.java:481)
	at org.apache.catalina.core.StandardHostValve.invoke(StandardHostValve.java:130)
	at org.apache.catalina.valves.ErrorReportValve.invoke(ErrorReportValve.java:93)
	at org.apache.catalina.core.StandardEngineValve.invoke(StandardEngineValve.java:74)
	at org.apache.catalina.connector.CoyoteAdapter.service(CoyoteAdapter.java:343)
	at org.apache.coyote.http11.Http11Processor.service(Http11Processor.java:390)
	at org.apache.coyote.AbstractProcessorLight.process(AbstractProcessorLight.java:63)
	at org.apache.coyote.AbstractProtocol$ConnectionHandler.process(AbstractProtocol.java:926)
	at org.apache.tomcat.util.net.NioEndpoint$SocketProcessor.doRun(NioEndpoint.java:1791)
	at org.apache.tomcat.util.net.SocketProcessorBase.run(SocketProcessorBase.java:52)
	at org.apache.tomcat.util.threads.ThreadPoolExecutor.runWorker(ThreadPoolExecutor.java:1191)
	at org.apache.tomcat.util.threads.ThreadPoolExecutor$Worker.run(ThreadPoolExecutor.java:659)
	at org.apache.tomcat.util.threads.TaskThread$WrappingRunnable.run(TaskThread.java:61)
	at java.lang.Thread.run(Thread.java:748)
25-01-27.12:39:27.535 [http-nio-8091-exec-8] ERROR RaffleActivityController - 活动抽奖失败 userId:xiaofuge activityId:100301
cn.bugstack.types.exception.AppException: null
	at cn.bugstack.infrastructure.persistent.repository.StrategyRepository.getRateRange(StrategyRepository.java:132)
	at cn.bugstack.infrastructure.persistent.repository.StrategyRepository.getRateRange(StrategyRepository.java:124)
	at cn.bugstack.infrastructure.persistent.repository.StrategyRepository$$FastClassBySpringCGLIB$$1981c8fe.invoke(<generated>)
	at org.springframework.cglib.proxy.MethodProxy.invoke(MethodProxy.java:218)
	at org.springframework.aop.framework.CglibAopProxy$CglibMethodInvocation.invokeJoinpoint(CglibAopProxy.java:793)
	at org.springframework.aop.framework.ReflectiveMethodInvocation.proceed(ReflectiveMethodInvocation.java:163)
	at org.springframework.aop.framework.CglibAopProxy$CglibMethodInvocation.proceed(CglibAopProxy.java:763)
	at org.springframework.dao.support.PersistenceExceptionTranslationInterceptor.invoke(PersistenceExceptionTranslationInterceptor.java:137)
	at org.springframework.aop.framework.ReflectiveMethodInvocation.proceed(ReflectiveMethodInvocation.java:186)
	at org.springframework.aop.framework.CglibAopProxy$CglibMethodInvocation.proceed(CglibAopProxy.java:763)
	at org.springframework.aop.framework.CglibAopProxy$DynamicAdvisedInterceptor.intercept(CglibAopProxy.java:708)
	at cn.bugstack.infrastructure.persistent.repository.StrategyRepository$$EnhancerBySpringCGLIB$$a3ee9ddb.getRateRange(<generated>)
	at cn.bugstack.domain.strategy.service.armory.StrategyArmoryDispatch.getRandomAwardId(StrategyArmoryDispatch.java:142)
	at cn.bugstack.domain.strategy.service.rule.chain.impl.DefaultLogicChain.logic(DefaultLogicChain.java:25)
	at cn.bugstack.domain.strategy.service.raffle.DefaultRaffleStrategy.raffleLogicChain(DefaultRaffleStrategy.java:35)
	at cn.bugstack.domain.strategy.service.AbstractRaffleStrategy.performRaffle(AbstractRaffleStrategy.java:46)
	at cn.bugstack.trigger.http.RaffleActivityController.draw(RaffleActivityController.java:123)
	at sun.reflect.NativeMethodAccessorImpl.invoke0(Native Method)
	at sun.reflect.NativeMethodAccessorImpl.invoke(NativeMethodAccessorImpl.java:62)
	at sun.reflect.DelegatingMethodAccessorImpl.invoke(DelegatingMethodAccessorImpl.java:43)
	at java.lang.reflect.Method.invoke(Method.java:498)
	at org.springframework.web.method.support.InvocableHandlerMethod.doInvoke(InvocableHandlerMethod.java:205)
	at org.springframework.web.method.support.InvocableHandlerMethod.invokeForRequest(InvocableHandlerMethod.java:150)
	at org.springframework.web.servlet.mvc.method.annotation.ServletInvocableHandlerMethod.invokeAndHandle(ServletInvocableHandlerMethod.java:117)
	at org.springframework.web.servlet.mvc.method.annotation.RequestMappingHandlerAdapter.invokeHandlerMethod(RequestMappingHandlerAdapter.java:895)
	at org.springframework.web.servlet.mvc.method.annotation.RequestMappingHandlerAdapter.handleInternal(RequestMappingHandlerAdapter.java:808)
	at org.springframework.web.servlet.mvc.method.AbstractHandlerMethodAdapter.handle(AbstractHandlerMethodAdapter.java:87)
	at org.springframework.web.servlet.DispatcherServlet.doDispatch(DispatcherServlet.java:1072)
	at org.springframework.web.servlet.DispatcherServlet.doService(DispatcherServlet.java:965)
	at org.springframework.web.servlet.FrameworkServlet.processRequest(FrameworkServlet.java:1006)
	at org.springframework.web.servlet.FrameworkServlet.doPost(FrameworkServlet.java:909)
	at javax.servlet.http.HttpServlet.service(HttpServlet.java:555)
	at org.springframework.web.servlet.FrameworkServlet.service(FrameworkServlet.java:883)
	at javax.servlet.http.HttpServlet.service(HttpServlet.java:623)
	at org.apache.catalina.core.ApplicationFilterChain.internalDoFilter(ApplicationFilterChain.java:209)
	at org.apache.catalina.core.ApplicationFilterChain.doFilter(ApplicationFilterChain.java:153)
	at org.apache.tomcat.websocket.server.WsFilter.doFilter(WsFilter.java:51)
	at org.apache.catalina.core.ApplicationFilterChain.internalDoFilter(ApplicationFilterChain.java:178)
	at org.apache.catalina.core.ApplicationFilterChain.doFilter(ApplicationFilterChain.java:153)
	at org.springframework.web.filter.RequestContextFilter.doFilterInternal(RequestContextFilter.java:100)
	at org.springframework.web.filter.OncePerRequestFilter.doFilter(OncePerRequestFilter.java:117)
	at org.apache.catalina.core.ApplicationFilterChain.internalDoFilter(ApplicationFilterChain.java:178)
	at org.apache.catalina.core.ApplicationFilterChain.doFilter(ApplicationFilterChain.java:153)
	at org.springframework.web.filter.FormContentFilter.doFilterInternal(FormContentFilter.java:93)
	at org.springframework.web.filter.OncePerRequestFilter.doFilter(OncePerRequestFilter.java:117)
	at org.apache.catalina.core.ApplicationFilterChain.internalDoFilter(ApplicationFilterChain.java:178)
	at org.apache.catalina.core.ApplicationFilterChain.doFilter(ApplicationFilterChain.java:153)
	at org.springframework.boot.actuate.metrics.web.servlet.WebMvcMetricsFilter.doFilterInternal(WebMvcMetricsFilter.java:96)
	at org.springframework.web.filter.OncePerRequestFilter.doFilter(OncePerRequestFilter.java:117)
	at org.apache.catalina.core.ApplicationFilterChain.internalDoFilter(ApplicationFilterChain.java:178)
	at org.apache.catalina.core.ApplicationFilterChain.doFilter(ApplicationFilterChain.java:153)
	at org.springframework.web.filter.CharacterEncodingFilter.doFilterInternal(CharacterEncodingFilter.java:201)
	at org.springframework.web.filter.OncePerRequestFilter.doFilter(OncePerRequestFilter.java:117)
	at org.apache.catalina.core.ApplicationFilterChain.internalDoFilter(ApplicationFilterChain.java:178)
	at org.apache.catalina.core.ApplicationFilterChain.doFilter(ApplicationFilterChain.java:153)
	at org.apache.catalina.core.StandardWrapperValve.invoke(StandardWrapperValve.java:167)
	at org.apache.catalina.core.StandardContextValve.invoke(StandardContextValve.java:90)
	at org.apache.catalina.authenticator.AuthenticatorBase.invoke(AuthenticatorBase.java:481)
	at org.apache.catalina.core.StandardHostValve.invoke(StandardHostValve.java:130)
	at org.apache.catalina.valves.ErrorReportValve.invoke(ErrorReportValve.java:93)
	at org.apache.catalina.core.StandardEngineValve.invoke(StandardEngineValve.java:74)
	at org.apache.catalina.connector.CoyoteAdapter.service(CoyoteAdapter.java:343)
	at org.apache.coyote.http11.Http11Processor.service(Http11Processor.java:390)
	at org.apache.coyote.AbstractProcessorLight.process(AbstractProcessorLight.java:63)
	at org.apache.coyote.AbstractProtocol$ConnectionHandler.process(AbstractProtocol.java:926)
	at org.apache.tomcat.util.net.NioEndpoint$SocketProcessor.doRun(NioEndpoint.java:1791)
	at org.apache.tomcat.util.net.SocketProcessorBase.run(SocketProcessorBase.java:52)
	at org.apache.tomcat.util.threads.ThreadPoolExecutor.runWorker(ThreadPoolExecutor.java:1191)
	at org.apache.tomcat.util.threads.ThreadPoolExecutor$Worker.run(ThreadPoolExecutor.java:659)
	at org.apache.tomcat.util.threads.TaskThread$WrappingRunnable.run(TaskThread.java:61)
	at java.lang.Thread.run(Thread.java:748)
25-01-27.12:39:28.789 [http-nio-8091-exec-9] ERROR RaffleActivityController - 活动抽奖失败 userId:xiaofuge activityId:100301
cn.bugstack.types.exception.AppException: null
	at cn.bugstack.infrastructure.persistent.repository.StrategyRepository.getRateRange(StrategyRepository.java:132)
	at cn.bugstack.infrastructure.persistent.repository.StrategyRepository.getRateRange(StrategyRepository.java:124)
	at cn.bugstack.infrastructure.persistent.repository.StrategyRepository$$FastClassBySpringCGLIB$$1981c8fe.invoke(<generated>)
	at org.springframework.cglib.proxy.MethodProxy.invoke(MethodProxy.java:218)
	at org.springframework.aop.framework.CglibAopProxy$CglibMethodInvocation.invokeJoinpoint(CglibAopProxy.java:793)
	at org.springframework.aop.framework.ReflectiveMethodInvocation.proceed(ReflectiveMethodInvocation.java:163)
	at org.springframework.aop.framework.CglibAopProxy$CglibMethodInvocation.proceed(CglibAopProxy.java:763)
	at org.springframework.dao.support.PersistenceExceptionTranslationInterceptor.invoke(PersistenceExceptionTranslationInterceptor.java:137)
	at org.springframework.aop.framework.ReflectiveMethodInvocation.proceed(ReflectiveMethodInvocation.java:186)
	at org.springframework.aop.framework.CglibAopProxy$CglibMethodInvocation.proceed(CglibAopProxy.java:763)
	at org.springframework.aop.framework.CglibAopProxy$DynamicAdvisedInterceptor.intercept(CglibAopProxy.java:708)
	at cn.bugstack.infrastructure.persistent.repository.StrategyRepository$$EnhancerBySpringCGLIB$$a3ee9ddb.getRateRange(<generated>)
	at cn.bugstack.domain.strategy.service.armory.StrategyArmoryDispatch.getRandomAwardId(StrategyArmoryDispatch.java:142)
	at cn.bugstack.domain.strategy.service.rule.chain.impl.DefaultLogicChain.logic(DefaultLogicChain.java:25)
	at cn.bugstack.domain.strategy.service.raffle.DefaultRaffleStrategy.raffleLogicChain(DefaultRaffleStrategy.java:35)
	at cn.bugstack.domain.strategy.service.AbstractRaffleStrategy.performRaffle(AbstractRaffleStrategy.java:46)
	at cn.bugstack.trigger.http.RaffleActivityController.draw(RaffleActivityController.java:123)
	at sun.reflect.NativeMethodAccessorImpl.invoke0(Native Method)
	at sun.reflect.NativeMethodAccessorImpl.invoke(NativeMethodAccessorImpl.java:62)
	at sun.reflect.DelegatingMethodAccessorImpl.invoke(DelegatingMethodAccessorImpl.java:43)
	at java.lang.reflect.Method.invoke(Method.java:498)
	at org.springframework.web.method.support.InvocableHandlerMethod.doInvoke(InvocableHandlerMethod.java:205)
	at org.springframework.web.method.support.InvocableHandlerMethod.invokeForRequest(InvocableHandlerMethod.java:150)
	at org.springframework.web.servlet.mvc.method.annotation.ServletInvocableHandlerMethod.invokeAndHandle(ServletInvocableHandlerMethod.java:117)
	at org.springframework.web.servlet.mvc.method.annotation.RequestMappingHandlerAdapter.invokeHandlerMethod(RequestMappingHandlerAdapter.java:895)
	at org.springframework.web.servlet.mvc.method.annotation.RequestMappingHandlerAdapter.handleInternal(RequestMappingHandlerAdapter.java:808)
	at org.springframework.web.servlet.mvc.method.AbstractHandlerMethodAdapter.handle(AbstractHandlerMethodAdapter.java:87)
	at org.springframework.web.servlet.DispatcherServlet.doDispatch(DispatcherServlet.java:1072)
	at org.springframework.web.servlet.DispatcherServlet.doService(DispatcherServlet.java:965)
	at org.springframework.web.servlet.FrameworkServlet.processRequest(FrameworkServlet.java:1006)
	at org.springframework.web.servlet.FrameworkServlet.doPost(FrameworkServlet.java:909)
	at javax.servlet.http.HttpServlet.service(HttpServlet.java:555)
	at org.springframework.web.servlet.FrameworkServlet.service(FrameworkServlet.java:883)
	at javax.servlet.http.HttpServlet.service(HttpServlet.java:623)
	at org.apache.catalina.core.ApplicationFilterChain.internalDoFilter(ApplicationFilterChain.java:209)
	at org.apache.catalina.core.ApplicationFilterChain.doFilter(ApplicationFilterChain.java:153)
	at org.apache.tomcat.websocket.server.WsFilter.doFilter(WsFilter.java:51)
	at org.apache.catalina.core.ApplicationFilterChain.internalDoFilter(ApplicationFilterChain.java:178)
	at org.apache.catalina.core.ApplicationFilterChain.doFilter(ApplicationFilterChain.java:153)
	at org.springframework.web.filter.RequestContextFilter.doFilterInternal(RequestContextFilter.java:100)
	at org.springframework.web.filter.OncePerRequestFilter.doFilter(OncePerRequestFilter.java:117)
	at org.apache.catalina.core.ApplicationFilterChain.internalDoFilter(ApplicationFilterChain.java:178)
	at org.apache.catalina.core.ApplicationFilterChain.doFilter(ApplicationFilterChain.java:153)
	at org.springframework.web.filter.FormContentFilter.doFilterInternal(FormContentFilter.java:93)
	at org.springframework.web.filter.OncePerRequestFilter.doFilter(OncePerRequestFilter.java:117)
	at org.apache.catalina.core.ApplicationFilterChain.internalDoFilter(ApplicationFilterChain.java:178)
	at org.apache.catalina.core.ApplicationFilterChain.doFilter(ApplicationFilterChain.java:153)
	at org.springframework.boot.actuate.metrics.web.servlet.WebMvcMetricsFilter.doFilterInternal(WebMvcMetricsFilter.java:96)
	at org.springframework.web.filter.OncePerRequestFilter.doFilter(OncePerRequestFilter.java:117)
	at org.apache.catalina.core.ApplicationFilterChain.internalDoFilter(ApplicationFilterChain.java:178)
	at org.apache.catalina.core.ApplicationFilterChain.doFilter(ApplicationFilterChain.java:153)
	at org.springframework.web.filter.CharacterEncodingFilter.doFilterInternal(CharacterEncodingFilter.java:201)
	at org.springframework.web.filter.OncePerRequestFilter.doFilter(OncePerRequestFilter.java:117)
	at org.apache.catalina.core.ApplicationFilterChain.internalDoFilter(ApplicationFilterChain.java:178)
	at org.apache.catalina.core.ApplicationFilterChain.doFilter(ApplicationFilterChain.java:153)
	at org.apache.catalina.core.StandardWrapperValve.invoke(StandardWrapperValve.java:167)
	at org.apache.catalina.core.StandardContextValve.invoke(StandardContextValve.java:90)
	at org.apache.catalina.authenticator.AuthenticatorBase.invoke(AuthenticatorBase.java:481)
	at org.apache.catalina.core.StandardHostValve.invoke(StandardHostValve.java:130)
	at org.apache.catalina.valves.ErrorReportValve.invoke(ErrorReportValve.java:93)
	at org.apache.catalina.core.StandardEngineValve.invoke(StandardEngineValve.java:74)
	at org.apache.catalina.connector.CoyoteAdapter.service(CoyoteAdapter.java:343)
	at org.apache.coyote.http11.Http11Processor.service(Http11Processor.java:390)
	at org.apache.coyote.AbstractProcessorLight.process(AbstractProcessorLight.java:63)
	at org.apache.coyote.AbstractProtocol$ConnectionHandler.process(AbstractProtocol.java:926)
	at org.apache.tomcat.util.net.NioEndpoint$SocketProcessor.doRun(NioEndpoint.java:1791)
	at org.apache.tomcat.util.net.SocketProcessorBase.run(SocketProcessorBase.java:52)
	at org.apache.tomcat.util.threads.ThreadPoolExecutor.runWorker(ThreadPoolExecutor.java:1191)
	at org.apache.tomcat.util.threads.ThreadPoolExecutor$Worker.run(ThreadPoolExecutor.java:659)
	at org.apache.tomcat.util.threads.TaskThread$WrappingRunnable.run(TaskThread.java:61)
	at java.lang.Thread.run(Thread.java:748)
25-01-27.12:39:35.347 [redisson-netty-2-2] ERROR CommandDecoder         - Unable to decode data. channel: [id: 0x9c52b7ab, L:/127.0.0.1:59012 - R:127.0.0.1/127.0.0.1:16379], reply: ReplayingDecoderByteBuf(ridx=9, widx=9), command: (GET), promise: java.util.concurrent.CompletableFuture@1c7bbf49[Not completed, 1 dependents], params: [strategy_award_count_key_100006_101]
com.esotericsoftware.kryo.KryoException: Encountered unregistered class ID: 47
	at com.esotericsoftware.kryo.util.DefaultClassResolver.readClass(DefaultClassResolver.java:159)
	at com.esotericsoftware.kryo.Kryo.readClass(Kryo.java:758)
	at com.esotericsoftware.kryo.Kryo.readClassAndObject(Kryo.java:869)
	at org.redisson.codec.Kryo5Codec$4.decode(Kryo5Codec.java:144)
	at org.redisson.client.handler.CommandDecoder.decode(CommandDecoder.java:394)
	at org.redisson.client.handler.CommandDecoder.decodeCommand(CommandDecoder.java:205)
	at org.redisson.client.handler.CommandDecoder.decode(CommandDecoder.java:144)
	at org.redisson.client.handler.CommandDecoder.decode(CommandDecoder.java:120)
	at io.netty.handler.codec.ByteToMessageDecoder.decodeRemovalReentryProtection(ByteToMessageDecoder.java:529)
	at io.netty.handler.codec.ReplayingDecoder.callDecode(ReplayingDecoder.java:366)
	at io.netty.handler.codec.ByteToMessageDecoder.channelRead(ByteToMessageDecoder.java:290)
	at io.netty.channel.AbstractChannelHandlerContext.invokeChannelRead(AbstractChannelHandlerContext.java:444)
	at io.netty.channel.AbstractChannelHandlerContext.invokeChannelRead(AbstractChannelHandlerContext.java:420)
	at io.netty.channel.AbstractChannelHandlerContext.fireChannelRead(AbstractChannelHandlerContext.java:412)
	at io.netty.channel.DefaultChannelPipeline$HeadContext.channelRead(DefaultChannelPipeline.java:1410)
	at io.netty.channel.AbstractChannelHandlerContext.invokeChannelRead(AbstractChannelHandlerContext.java:440)
	at io.netty.channel.AbstractChannelHandlerContext.invokeChannelRead(AbstractChannelHandlerContext.java:420)
	at io.netty.channel.DefaultChannelPipeline.fireChannelRead(DefaultChannelPipeline.java:919)
	at io.netty.channel.nio.AbstractNioByteChannel$NioByteUnsafe.read(AbstractNioByteChannel.java:166)
	at io.netty.channel.nio.NioEventLoop.processSelectedKey(NioEventLoop.java:788)
	at io.netty.channel.nio.NioEventLoop.processSelectedKeysOptimized(NioEventLoop.java:724)
	at io.netty.channel.nio.NioEventLoop.processSelectedKeys(NioEventLoop.java:650)
	at io.netty.channel.nio.NioEventLoop.run(NioEventLoop.java:562)
	at io.netty.util.concurrent.SingleThreadEventExecutor$4.run(SingleThreadEventExecutor.java:997)
	at io.netty.util.internal.ThreadExecutorMap$2.run(ThreadExecutorMap.java:74)
	at io.netty.util.concurrent.FastThreadLocalRunnable.run(FastThreadLocalRunnable.java:30)
	at java.lang.Thread.run(Thread.java:748)
25-01-27.12:39:35.362 [redisson-netty-2-2] ERROR ErrorsLoggingHandler   - Exception occured. Channel: [id: 0x9c52b7ab, L:/127.0.0.1:59012 - R:127.0.0.1/127.0.0.1:16379]
io.netty.handler.codec.DecoderException: com.esotericsoftware.kryo.KryoException: Encountered unregistered class ID: 47
	at io.netty.handler.codec.ReplayingDecoder.callDecode(ReplayingDecoder.java:421)
	at io.netty.handler.codec.ByteToMessageDecoder.channelRead(ByteToMessageDecoder.java:290)
	at io.netty.channel.AbstractChannelHandlerContext.invokeChannelRead(AbstractChannelHandlerContext.java:444)
	at io.netty.channel.AbstractChannelHandlerContext.invokeChannelRead(AbstractChannelHandlerContext.java:420)
	at io.netty.channel.AbstractChannelHandlerContext.fireChannelRead(AbstractChannelHandlerContext.java:412)
	at io.netty.channel.DefaultChannelPipeline$HeadContext.channelRead(DefaultChannelPipeline.java:1410)
	at io.netty.channel.AbstractChannelHandlerContext.invokeChannelRead(AbstractChannelHandlerContext.java:440)
	at io.netty.channel.AbstractChannelHandlerContext.invokeChannelRead(AbstractChannelHandlerContext.java:420)
	at io.netty.channel.DefaultChannelPipeline.fireChannelRead(DefaultChannelPipeline.java:919)
	at io.netty.channel.nio.AbstractNioByteChannel$NioByteUnsafe.read(AbstractNioByteChannel.java:166)
	at io.netty.channel.nio.NioEventLoop.processSelectedKey(NioEventLoop.java:788)
	at io.netty.channel.nio.NioEventLoop.processSelectedKeysOptimized(NioEventLoop.java:724)
	at io.netty.channel.nio.NioEventLoop.processSelectedKeys(NioEventLoop.java:650)
	at io.netty.channel.nio.NioEventLoop.run(NioEventLoop.java:562)
	at io.netty.util.concurrent.SingleThreadEventExecutor$4.run(SingleThreadEventExecutor.java:997)
	at io.netty.util.internal.ThreadExecutorMap$2.run(ThreadExecutorMap.java:74)
	at io.netty.util.concurrent.FastThreadLocalRunnable.run(FastThreadLocalRunnable.java:30)
	at java.lang.Thread.run(Thread.java:748)
Caused by: com.esotericsoftware.kryo.KryoException: Encountered unregistered class ID: 47
	at com.esotericsoftware.kryo.util.DefaultClassResolver.readClass(DefaultClassResolver.java:159)
	at com.esotericsoftware.kryo.Kryo.readClass(Kryo.java:758)
	at com.esotericsoftware.kryo.Kryo.readClassAndObject(Kryo.java:869)
	at org.redisson.codec.Kryo5Codec$4.decode(Kryo5Codec.java:144)
	at org.redisson.client.handler.CommandDecoder.decode(CommandDecoder.java:394)
	at org.redisson.client.handler.CommandDecoder.decodeCommand(CommandDecoder.java:205)
	at org.redisson.client.handler.CommandDecoder.decode(CommandDecoder.java:144)
	at org.redisson.client.handler.CommandDecoder.decode(CommandDecoder.java:120)
	at io.netty.handler.codec.ByteToMessageDecoder.decodeRemovalReentryProtection(ByteToMessageDecoder.java:529)
	at io.netty.handler.codec.ReplayingDecoder.callDecode(ReplayingDecoder.java:366)
	... 17 common frames omitted
25-01-27.12:39:35.362 [http-nio-8091-exec-10] ERROR RaffleActivityController - 活动装配，数据预热，失败 activityId:100301
org.springframework.dao.InvalidDataAccessApiUsageException: Unexpected exception while processing command; nested exception is org.redisson.client.RedisException: Unexpected exception while processing command
	at org.redisson.spring.data.connection.RedissonExceptionConverter.convert(RedissonExceptionConverter.java:52)
	at org.redisson.spring.data.connection.RedissonExceptionConverter.convert(RedissonExceptionConverter.java:35)
	at org.springframework.data.redis.PassThroughExceptionTranslationStrategy.translate(PassThroughExceptionTranslationStrategy.java:44)
	at org.redisson.spring.data.connection.RedissonConnectionFactory.translateExceptionIfPossible(RedissonConnectionFactory.java:91)
	at org.springframework.dao.support.ChainedPersistenceExceptionTranslator.translateExceptionIfPossible(ChainedPersistenceExceptionTranslator.java:61)
	at org.springframework.dao.support.DataAccessUtils.translateIfNecessary(DataAccessUtils.java:242)
	at org.springframework.dao.support.PersistenceExceptionTranslationInterceptor.invoke(PersistenceExceptionTranslationInterceptor.java:152)
	at org.springframework.aop.framework.ReflectiveMethodInvocation.proceed(ReflectiveMethodInvocation.java:186)
	at org.springframework.aop.framework.CglibAopProxy$CglibMethodInvocation.proceed(CglibAopProxy.java:763)
	at org.springframework.aop.framework.CglibAopProxy$DynamicAdvisedInterceptor.intercept(CglibAopProxy.java:708)
	at cn.bugstack.infrastructure.persistent.repository.StrategyRepository$$EnhancerBySpringCGLIB$$a3ee9ddb.cacheStrategyAwardCount(<generated>)
	at cn.bugstack.domain.strategy.service.armory.StrategyArmoryDispatch.cacheStrategyAwardCount(StrategyArmoryDispatch.java:77)
	at cn.bugstack.domain.strategy.service.armory.StrategyArmoryDispatch.assembleLotteryStrategy(StrategyArmoryDispatch.java:47)
	at cn.bugstack.domain.strategy.service.armory.StrategyArmoryDispatch.assembleLotteryStrategyByActivityId(StrategyArmoryDispatch.java:35)
	at cn.bugstack.trigger.http.RaffleActivityController.armory(RaffleActivityController.java:75)
	at sun.reflect.NativeMethodAccessorImpl.invoke0(Native Method)
	at sun.reflect.NativeMethodAccessorImpl.invoke(NativeMethodAccessorImpl.java:62)
	at sun.reflect.DelegatingMethodAccessorImpl.invoke(DelegatingMethodAccessorImpl.java:43)
	at java.lang.reflect.Method.invoke(Method.java:498)
	at org.springframework.web.method.support.InvocableHandlerMethod.doInvoke(InvocableHandlerMethod.java:205)
	at org.springframework.web.method.support.InvocableHandlerMethod.invokeForRequest(InvocableHandlerMethod.java:150)
	at org.springframework.web.servlet.mvc.method.annotation.ServletInvocableHandlerMethod.invokeAndHandle(ServletInvocableHandlerMethod.java:117)
	at org.springframework.web.servlet.mvc.method.annotation.RequestMappingHandlerAdapter.invokeHandlerMethod(RequestMappingHandlerAdapter.java:895)
	at org.springframework.web.servlet.mvc.method.annotation.RequestMappingHandlerAdapter.handleInternal(RequestMappingHandlerAdapter.java:808)
	at org.springframework.web.servlet.mvc.method.AbstractHandlerMethodAdapter.handle(AbstractHandlerMethodAdapter.java:87)
	at org.springframework.web.servlet.DispatcherServlet.doDispatch(DispatcherServlet.java:1072)
	at org.springframework.web.servlet.DispatcherServlet.doService(DispatcherServlet.java:965)
	at org.springframework.web.servlet.FrameworkServlet.processRequest(FrameworkServlet.java:1006)
	at org.springframework.web.servlet.FrameworkServlet.doGet(FrameworkServlet.java:898)
	at javax.servlet.http.HttpServlet.service(HttpServlet.java:529)
	at org.springframework.web.servlet.FrameworkServlet.service(FrameworkServlet.java:883)
	at javax.servlet.http.HttpServlet.service(HttpServlet.java:623)
	at org.apache.catalina.core.ApplicationFilterChain.internalDoFilter(ApplicationFilterChain.java:209)
	at org.apache.catalina.core.ApplicationFilterChain.doFilter(ApplicationFilterChain.java:153)
	at org.apache.tomcat.websocket.server.WsFilter.doFilter(WsFilter.java:51)
	at org.apache.catalina.core.ApplicationFilterChain.internalDoFilter(ApplicationFilterChain.java:178)
	at org.apache.catalina.core.ApplicationFilterChain.doFilter(ApplicationFilterChain.java:153)
	at org.springframework.web.filter.RequestContextFilter.doFilterInternal(RequestContextFilter.java:100)
	at org.springframework.web.filter.OncePerRequestFilter.doFilter(OncePerRequestFilter.java:117)
	at org.apache.catalina.core.ApplicationFilterChain.internalDoFilter(ApplicationFilterChain.java:178)
	at org.apache.catalina.core.ApplicationFilterChain.doFilter(ApplicationFilterChain.java:153)
	at org.springframework.web.filter.FormContentFilter.doFilterInternal(FormContentFilter.java:93)
	at org.springframework.web.filter.OncePerRequestFilter.doFilter(OncePerRequestFilter.java:117)
	at org.apache.catalina.core.ApplicationFilterChain.internalDoFilter(ApplicationFilterChain.java:178)
	at org.apache.catalina.core.ApplicationFilterChain.doFilter(ApplicationFilterChain.java:153)
	at org.springframework.boot.actuate.metrics.web.servlet.WebMvcMetricsFilter.doFilterInternal(WebMvcMetricsFilter.java:96)
	at org.springframework.web.filter.OncePerRequestFilter.doFilter(OncePerRequestFilter.java:117)
	at org.apache.catalina.core.ApplicationFilterChain.internalDoFilter(ApplicationFilterChain.java:178)
	at org.apache.catalina.core.ApplicationFilterChain.doFilter(ApplicationFilterChain.java:153)
	at org.springframework.web.filter.CharacterEncodingFilter.doFilterInternal(CharacterEncodingFilter.java:201)
	at org.springframework.web.filter.OncePerRequestFilter.doFilter(OncePerRequestFilter.java:117)
	at org.apache.catalina.core.ApplicationFilterChain.internalDoFilter(ApplicationFilterChain.java:178)
	at org.apache.catalina.core.ApplicationFilterChain.doFilter(ApplicationFilterChain.java:153)
	at org.apache.catalina.core.StandardWrapperValve.invoke(StandardWrapperValve.java:167)
	at org.apache.catalina.core.StandardContextValve.invoke(StandardContextValve.java:90)
	at org.apache.catalina.authenticator.AuthenticatorBase.invoke(AuthenticatorBase.java:481)
	at org.apache.catalina.core.StandardHostValve.invoke(StandardHostValve.java:130)
	at org.apache.catalina.valves.ErrorReportValve.invoke(ErrorReportValve.java:93)
	at org.apache.catalina.core.StandardEngineValve.invoke(StandardEngineValve.java:74)
	at org.apache.catalina.connector.CoyoteAdapter.service(CoyoteAdapter.java:343)
	at org.apache.coyote.http11.Http11Processor.service(Http11Processor.java:390)
	at org.apache.coyote.AbstractProcessorLight.process(AbstractProcessorLight.java:63)
	at org.apache.coyote.AbstractProtocol$ConnectionHandler.process(AbstractProtocol.java:926)
	at org.apache.tomcat.util.net.NioEndpoint$SocketProcessor.doRun(NioEndpoint.java:1791)
	at org.apache.tomcat.util.net.SocketProcessorBase.run(SocketProcessorBase.java:52)
	at org.apache.tomcat.util.threads.ThreadPoolExecutor.runWorker(ThreadPoolExecutor.java:1191)
	at org.apache.tomcat.util.threads.ThreadPoolExecutor$Worker.run(ThreadPoolExecutor.java:659)
	at org.apache.tomcat.util.threads.TaskThread$WrappingRunnable.run(TaskThread.java:61)
	at java.lang.Thread.run(Thread.java:748)
Caused by: org.redisson.client.RedisException: Unexpected exception while processing command
	at org.redisson.command.CommandAsyncService.convertException(CommandAsyncService.java:299)
	at org.redisson.command.CommandAsyncService.get(CommandAsyncService.java:116)
	at org.redisson.RedissonObject.get(RedissonObject.java:90)
	at org.redisson.RedissonBucket.get(RedissonBucket.java:135)
	at cn.bugstack.infrastructure.persistent.redis.RedissonService.getValue(RedissonService.java:32)
	at cn.bugstack.infrastructure.persistent.repository.StrategyRepository.cacheStrategyAwardCount(StrategyRepository.java:259)
	at cn.bugstack.infrastructure.persistent.repository.StrategyRepository$$FastClassBySpringCGLIB$$1981c8fe.invoke(<generated>)
	at org.springframework.cglib.proxy.MethodProxy.invoke(MethodProxy.java:218)
	at org.springframework.aop.framework.CglibAopProxy$CglibMethodInvocation.invokeJoinpoint(CglibAopProxy.java:793)
	at org.springframework.aop.framework.ReflectiveMethodInvocation.proceed(ReflectiveMethodInvocation.java:163)
	at org.springframework.aop.framework.CglibAopProxy$CglibMethodInvocation.proceed(CglibAopProxy.java:763)
	at org.springframework.dao.support.PersistenceExceptionTranslationInterceptor.invoke(PersistenceExceptionTranslationInterceptor.java:137)
	... 62 common frames omitted
Caused by: com.esotericsoftware.kryo.KryoException: Encountered unregistered class ID: 47
	at com.esotericsoftware.kryo.util.DefaultClassResolver.readClass(DefaultClassResolver.java:159)
	at com.esotericsoftware.kryo.Kryo.readClass(Kryo.java:758)
	at com.esotericsoftware.kryo.Kryo.readClassAndObject(Kryo.java:869)
	at org.redisson.codec.Kryo5Codec$4.decode(Kryo5Codec.java:144)
	at org.redisson.client.handler.CommandDecoder.decode(CommandDecoder.java:394)
	at org.redisson.client.handler.CommandDecoder.decodeCommand(CommandDecoder.java:205)
	at org.redisson.client.handler.CommandDecoder.decode(CommandDecoder.java:144)
	at org.redisson.client.handler.CommandDecoder.decode(CommandDecoder.java:120)
	at io.netty.handler.codec.ByteToMessageDecoder.decodeRemovalReentryProtection(ByteToMessageDecoder.java:529)
	at io.netty.handler.codec.ReplayingDecoder.callDecode(ReplayingDecoder.java:366)
	at io.netty.handler.codec.ByteToMessageDecoder.channelRead(ByteToMessageDecoder.java:290)
	at io.netty.channel.AbstractChannelHandlerContext.invokeChannelRead(AbstractChannelHandlerContext.java:444)
	at io.netty.channel.AbstractChannelHandlerContext.invokeChannelRead(AbstractChannelHandlerContext.java:420)
	at io.netty.channel.AbstractChannelHandlerContext.fireChannelRead(AbstractChannelHandlerContext.java:412)
	at io.netty.channel.DefaultChannelPipeline$HeadContext.channelRead(DefaultChannelPipeline.java:1410)
	at io.netty.channel.AbstractChannelHandlerContext.invokeChannelRead(AbstractChannelHandlerContext.java:440)
	at io.netty.channel.AbstractChannelHandlerContext.invokeChannelRead(AbstractChannelHandlerContext.java:420)
	at io.netty.channel.DefaultChannelPipeline.fireChannelRead(DefaultChannelPipeline.java:919)
	at io.netty.channel.nio.AbstractNioByteChannel$NioByteUnsafe.read(AbstractNioByteChannel.java:166)
	at io.netty.channel.nio.NioEventLoop.processSelectedKey(NioEventLoop.java:788)
	at io.netty.channel.nio.NioEventLoop.processSelectedKeysOptimized(NioEventLoop.java:724)
	at io.netty.channel.nio.NioEventLoop.processSelectedKeys(NioEventLoop.java:650)
	at io.netty.channel.nio.NioEventLoop.run(NioEventLoop.java:562)
	at io.netty.util.concurrent.SingleThreadEventExecutor$4.run(SingleThreadEventExecutor.java:997)
	at io.netty.util.internal.ThreadExecutorMap$2.run(ThreadExecutorMap.java:74)
	at io.netty.util.concurrent.FastThreadLocalRunnable.run(FastThreadLocalRunnable.java:30)
	... 1 common frames omitted
25-01-27.12:40:25.951 [http-nio-8091-exec-12] ERROR RaffleActivityController - 活动抽奖失败 userId:xiaofuge activityId:100301
cn.bugstack.types.exception.AppException: null
	at cn.bugstack.infrastructure.persistent.repository.StrategyRepository.getRateRange(StrategyRepository.java:132)
	at cn.bugstack.infrastructure.persistent.repository.StrategyRepository.getRateRange(StrategyRepository.java:124)
	at cn.bugstack.infrastructure.persistent.repository.StrategyRepository$$FastClassBySpringCGLIB$$1981c8fe.invoke(<generated>)
	at org.springframework.cglib.proxy.MethodProxy.invoke(MethodProxy.java:218)
	at org.springframework.aop.framework.CglibAopProxy$CglibMethodInvocation.invokeJoinpoint(CglibAopProxy.java:793)
	at org.springframework.aop.framework.ReflectiveMethodInvocation.proceed(ReflectiveMethodInvocation.java:163)
	at org.springframework.aop.framework.CglibAopProxy$CglibMethodInvocation.proceed(CglibAopProxy.java:763)
	at org.springframework.dao.support.PersistenceExceptionTranslationInterceptor.invoke(PersistenceExceptionTranslationInterceptor.java:137)
	at org.springframework.aop.framework.ReflectiveMethodInvocation.proceed(ReflectiveMethodInvocation.java:186)
	at org.springframework.aop.framework.CglibAopProxy$CglibMethodInvocation.proceed(CglibAopProxy.java:763)
	at org.springframework.aop.framework.CglibAopProxy$DynamicAdvisedInterceptor.intercept(CglibAopProxy.java:708)
	at cn.bugstack.infrastructure.persistent.repository.StrategyRepository$$EnhancerBySpringCGLIB$$a3ee9ddb.getRateRange(<generated>)
	at cn.bugstack.domain.strategy.service.armory.StrategyArmoryDispatch.getRandomAwardId(StrategyArmoryDispatch.java:142)
	at cn.bugstack.domain.strategy.service.rule.chain.impl.DefaultLogicChain.logic(DefaultLogicChain.java:25)
	at cn.bugstack.domain.strategy.service.raffle.DefaultRaffleStrategy.raffleLogicChain(DefaultRaffleStrategy.java:35)
	at cn.bugstack.domain.strategy.service.AbstractRaffleStrategy.performRaffle(AbstractRaffleStrategy.java:46)
	at cn.bugstack.trigger.http.RaffleActivityController.draw(RaffleActivityController.java:123)
	at sun.reflect.NativeMethodAccessorImpl.invoke0(Native Method)
	at sun.reflect.NativeMethodAccessorImpl.invoke(NativeMethodAccessorImpl.java:62)
	at sun.reflect.DelegatingMethodAccessorImpl.invoke(DelegatingMethodAccessorImpl.java:43)
	at java.lang.reflect.Method.invoke(Method.java:498)
	at org.springframework.web.method.support.InvocableHandlerMethod.doInvoke(InvocableHandlerMethod.java:205)
	at org.springframework.web.method.support.InvocableHandlerMethod.invokeForRequest(InvocableHandlerMethod.java:150)
	at org.springframework.web.servlet.mvc.method.annotation.ServletInvocableHandlerMethod.invokeAndHandle(ServletInvocableHandlerMethod.java:117)
	at org.springframework.web.servlet.mvc.method.annotation.RequestMappingHandlerAdapter.invokeHandlerMethod(RequestMappingHandlerAdapter.java:895)
	at org.springframework.web.servlet.mvc.method.annotation.RequestMappingHandlerAdapter.handleInternal(RequestMappingHandlerAdapter.java:808)
	at org.springframework.web.servlet.mvc.method.AbstractHandlerMethodAdapter.handle(AbstractHandlerMethodAdapter.java:87)
	at org.springframework.web.servlet.DispatcherServlet.doDispatch(DispatcherServlet.java:1072)
	at org.springframework.web.servlet.DispatcherServlet.doService(DispatcherServlet.java:965)
	at org.springframework.web.servlet.FrameworkServlet.processRequest(FrameworkServlet.java:1006)
	at org.springframework.web.servlet.FrameworkServlet.doPost(FrameworkServlet.java:909)
	at javax.servlet.http.HttpServlet.service(HttpServlet.java:555)
	at org.springframework.web.servlet.FrameworkServlet.service(FrameworkServlet.java:883)
	at javax.servlet.http.HttpServlet.service(HttpServlet.java:623)
	at org.apache.catalina.core.ApplicationFilterChain.internalDoFilter(ApplicationFilterChain.java:209)
	at org.apache.catalina.core.ApplicationFilterChain.doFilter(ApplicationFilterChain.java:153)
	at org.apache.tomcat.websocket.server.WsFilter.doFilter(WsFilter.java:51)
	at org.apache.catalina.core.ApplicationFilterChain.internalDoFilter(ApplicationFilterChain.java:178)
	at org.apache.catalina.core.ApplicationFilterChain.doFilter(ApplicationFilterChain.java:153)
	at org.springframework.web.filter.RequestContextFilter.doFilterInternal(RequestContextFilter.java:100)
	at org.springframework.web.filter.OncePerRequestFilter.doFilter(OncePerRequestFilter.java:117)
	at org.apache.catalina.core.ApplicationFilterChain.internalDoFilter(ApplicationFilterChain.java:178)
	at org.apache.catalina.core.ApplicationFilterChain.doFilter(ApplicationFilterChain.java:153)
	at org.springframework.web.filter.FormContentFilter.doFilterInternal(FormContentFilter.java:93)
	at org.springframework.web.filter.OncePerRequestFilter.doFilter(OncePerRequestFilter.java:117)
	at org.apache.catalina.core.ApplicationFilterChain.internalDoFilter(ApplicationFilterChain.java:178)
	at org.apache.catalina.core.ApplicationFilterChain.doFilter(ApplicationFilterChain.java:153)
	at org.springframework.boot.actuate.metrics.web.servlet.WebMvcMetricsFilter.doFilterInternal(WebMvcMetricsFilter.java:96)
	at org.springframework.web.filter.OncePerRequestFilter.doFilter(OncePerRequestFilter.java:117)
	at org.apache.catalina.core.ApplicationFilterChain.internalDoFilter(ApplicationFilterChain.java:178)
	at org.apache.catalina.core.ApplicationFilterChain.doFilter(ApplicationFilterChain.java:153)
	at org.springframework.web.filter.CharacterEncodingFilter.doFilterInternal(CharacterEncodingFilter.java:201)
	at org.springframework.web.filter.OncePerRequestFilter.doFilter(OncePerRequestFilter.java:117)
	at org.apache.catalina.core.ApplicationFilterChain.internalDoFilter(ApplicationFilterChain.java:178)
	at org.apache.catalina.core.ApplicationFilterChain.doFilter(ApplicationFilterChain.java:153)
	at org.apache.catalina.core.StandardWrapperValve.invoke(StandardWrapperValve.java:167)
	at org.apache.catalina.core.StandardContextValve.invoke(StandardContextValve.java:90)
	at org.apache.catalina.authenticator.AuthenticatorBase.invoke(AuthenticatorBase.java:481)
	at org.apache.catalina.core.StandardHostValve.invoke(StandardHostValve.java:130)
	at org.apache.catalina.valves.ErrorReportValve.invoke(ErrorReportValve.java:93)
	at org.apache.catalina.core.StandardEngineValve.invoke(StandardEngineValve.java:74)
	at org.apache.catalina.connector.CoyoteAdapter.service(CoyoteAdapter.java:343)
	at org.apache.coyote.http11.Http11Processor.service(Http11Processor.java:390)
	at org.apache.coyote.AbstractProcessorLight.process(AbstractProcessorLight.java:63)
	at org.apache.coyote.AbstractProtocol$ConnectionHandler.process(AbstractProtocol.java:926)
	at org.apache.tomcat.util.net.NioEndpoint$SocketProcessor.doRun(NioEndpoint.java:1791)
	at org.apache.tomcat.util.net.SocketProcessorBase.run(SocketProcessorBase.java:52)
	at org.apache.tomcat.util.threads.ThreadPoolExecutor.runWorker(ThreadPoolExecutor.java:1191)
	at org.apache.tomcat.util.threads.ThreadPoolExecutor$Worker.run(ThreadPoolExecutor.java:659)
	at org.apache.tomcat.util.threads.TaskThread$WrappingRunnable.run(TaskThread.java:61)
	at java.lang.Thread.run(Thread.java:748)
25-01-27.12:41:30.238 [http-nio-8091-exec-15] ERROR RaffleActivityController - 活动抽奖失败 userId:xiaofuge activityId:100301
cn.bugstack.types.exception.AppException: null
	at cn.bugstack.infrastructure.persistent.repository.StrategyRepository.getRateRange(StrategyRepository.java:132)
	at cn.bugstack.infrastructure.persistent.repository.StrategyRepository.getRateRange(StrategyRepository.java:124)
	at cn.bugstack.infrastructure.persistent.repository.StrategyRepository$$FastClassBySpringCGLIB$$1981c8fe.invoke(<generated>)
	at org.springframework.cglib.proxy.MethodProxy.invoke(MethodProxy.java:218)
	at org.springframework.aop.framework.CglibAopProxy$CglibMethodInvocation.invokeJoinpoint(CglibAopProxy.java:793)
	at org.springframework.aop.framework.ReflectiveMethodInvocation.proceed(ReflectiveMethodInvocation.java:163)
	at org.springframework.aop.framework.CglibAopProxy$CglibMethodInvocation.proceed(CglibAopProxy.java:763)
	at org.springframework.dao.support.PersistenceExceptionTranslationInterceptor.invoke(PersistenceExceptionTranslationInterceptor.java:137)
	at org.springframework.aop.framework.ReflectiveMethodInvocation.proceed(ReflectiveMethodInvocation.java:186)
	at org.springframework.aop.framework.CglibAopProxy$CglibMethodInvocation.proceed(CglibAopProxy.java:763)
	at org.springframework.aop.framework.CglibAopProxy$DynamicAdvisedInterceptor.intercept(CglibAopProxy.java:708)
	at cn.bugstack.infrastructure.persistent.repository.StrategyRepository$$EnhancerBySpringCGLIB$$a3ee9ddb.getRateRange(<generated>)
	at cn.bugstack.domain.strategy.service.armory.StrategyArmoryDispatch.getRandomAwardId(StrategyArmoryDispatch.java:142)
	at cn.bugstack.domain.strategy.service.rule.chain.impl.DefaultLogicChain.logic(DefaultLogicChain.java:25)
	at cn.bugstack.domain.strategy.service.raffle.DefaultRaffleStrategy.raffleLogicChain(DefaultRaffleStrategy.java:35)
	at cn.bugstack.domain.strategy.service.AbstractRaffleStrategy.performRaffle(AbstractRaffleStrategy.java:46)
	at cn.bugstack.trigger.http.RaffleActivityController.draw(RaffleActivityController.java:123)
	at sun.reflect.NativeMethodAccessorImpl.invoke0(Native Method)
	at sun.reflect.NativeMethodAccessorImpl.invoke(NativeMethodAccessorImpl.java:62)
	at sun.reflect.DelegatingMethodAccessorImpl.invoke(DelegatingMethodAccessorImpl.java:43)
	at java.lang.reflect.Method.invoke(Method.java:498)
	at org.springframework.web.method.support.InvocableHandlerMethod.doInvoke(InvocableHandlerMethod.java:205)
	at org.springframework.web.method.support.InvocableHandlerMethod.invokeForRequest(InvocableHandlerMethod.java:150)
	at org.springframework.web.servlet.mvc.method.annotation.ServletInvocableHandlerMethod.invokeAndHandle(ServletInvocableHandlerMethod.java:117)
	at org.springframework.web.servlet.mvc.method.annotation.RequestMappingHandlerAdapter.invokeHandlerMethod(RequestMappingHandlerAdapter.java:895)
	at org.springframework.web.servlet.mvc.method.annotation.RequestMappingHandlerAdapter.handleInternal(RequestMappingHandlerAdapter.java:808)
	at org.springframework.web.servlet.mvc.method.AbstractHandlerMethodAdapter.handle(AbstractHandlerMethodAdapter.java:87)
	at org.springframework.web.servlet.DispatcherServlet.doDispatch(DispatcherServlet.java:1072)
	at org.springframework.web.servlet.DispatcherServlet.doService(DispatcherServlet.java:965)
	at org.springframework.web.servlet.FrameworkServlet.processRequest(FrameworkServlet.java:1006)
	at org.springframework.web.servlet.FrameworkServlet.doPost(FrameworkServlet.java:909)
	at javax.servlet.http.HttpServlet.service(HttpServlet.java:555)
	at org.springframework.web.servlet.FrameworkServlet.service(FrameworkServlet.java:883)
	at javax.servlet.http.HttpServlet.service(HttpServlet.java:623)
	at org.apache.catalina.core.ApplicationFilterChain.internalDoFilter(ApplicationFilterChain.java:209)
	at org.apache.catalina.core.ApplicationFilterChain.doFilter(ApplicationFilterChain.java:153)
	at org.apache.tomcat.websocket.server.WsFilter.doFilter(WsFilter.java:51)
	at org.apache.catalina.core.ApplicationFilterChain.internalDoFilter(ApplicationFilterChain.java:178)
	at org.apache.catalina.core.ApplicationFilterChain.doFilter(ApplicationFilterChain.java:153)
	at org.springframework.web.filter.RequestContextFilter.doFilterInternal(RequestContextFilter.java:100)
	at org.springframework.web.filter.OncePerRequestFilter.doFilter(OncePerRequestFilter.java:117)
	at org.apache.catalina.core.ApplicationFilterChain.internalDoFilter(ApplicationFilterChain.java:178)
	at org.apache.catalina.core.ApplicationFilterChain.doFilter(ApplicationFilterChain.java:153)
	at org.springframework.web.filter.FormContentFilter.doFilterInternal(FormContentFilter.java:93)
	at org.springframework.web.filter.OncePerRequestFilter.doFilter(OncePerRequestFilter.java:117)
	at org.apache.catalina.core.ApplicationFilterChain.internalDoFilter(ApplicationFilterChain.java:178)
	at org.apache.catalina.core.ApplicationFilterChain.doFilter(ApplicationFilterChain.java:153)
	at org.springframework.boot.actuate.metrics.web.servlet.WebMvcMetricsFilter.doFilterInternal(WebMvcMetricsFilter.java:96)
	at org.springframework.web.filter.OncePerRequestFilter.doFilter(OncePerRequestFilter.java:117)
	at org.apache.catalina.core.ApplicationFilterChain.internalDoFilter(ApplicationFilterChain.java:178)
	at org.apache.catalina.core.ApplicationFilterChain.doFilter(ApplicationFilterChain.java:153)
	at org.springframework.web.filter.CharacterEncodingFilter.doFilterInternal(CharacterEncodingFilter.java:201)
	at org.springframework.web.filter.OncePerRequestFilter.doFilter(OncePerRequestFilter.java:117)
	at org.apache.catalina.core.ApplicationFilterChain.internalDoFilter(ApplicationFilterChain.java:178)
	at org.apache.catalina.core.ApplicationFilterChain.doFilter(ApplicationFilterChain.java:153)
	at org.apache.catalina.core.StandardWrapperValve.invoke(StandardWrapperValve.java:167)
	at org.apache.catalina.core.StandardContextValve.invoke(StandardContextValve.java:90)
	at org.apache.catalina.authenticator.AuthenticatorBase.invoke(AuthenticatorBase.java:481)
	at org.apache.catalina.core.StandardHostValve.invoke(StandardHostValve.java:130)
	at org.apache.catalina.valves.ErrorReportValve.invoke(ErrorReportValve.java:93)
	at org.apache.catalina.core.StandardEngineValve.invoke(StandardEngineValve.java:74)
	at org.apache.catalina.connector.CoyoteAdapter.service(CoyoteAdapter.java:343)
	at org.apache.coyote.http11.Http11Processor.service(Http11Processor.java:390)
	at org.apache.coyote.AbstractProcessorLight.process(AbstractProcessorLight.java:63)
	at org.apache.coyote.AbstractProtocol$ConnectionHandler.process(AbstractProtocol.java:926)
	at org.apache.tomcat.util.net.NioEndpoint$SocketProcessor.doRun(NioEndpoint.java:1791)
	at org.apache.tomcat.util.net.SocketProcessorBase.run(SocketProcessorBase.java:52)
	at org.apache.tomcat.util.threads.ThreadPoolExecutor.runWorker(ThreadPoolExecutor.java:1191)
	at org.apache.tomcat.util.threads.ThreadPoolExecutor$Worker.run(ThreadPoolExecutor.java:659)
	at org.apache.tomcat.util.threads.TaskThread$WrappingRunnable.run(TaskThread.java:61)
	at java.lang.Thread.run(Thread.java:748)
25-01-27.12:51:51.308 [Retail_HikariCP housekeeper] WARN  HikariPool             - Retail_HikariCP - Thread starvation or clock leap detected (housekeeper delta=10m1s791ms).
25-01-27.12:52:07.264 [Retail_HikariCP housekeeper] WARN  HikariPool             - Retail_HikariCP - Thread starvation or clock leap detected (housekeeper delta=10m1s756ms).
25-01-27.12:52:07.265 [Retail_HikariCP housekeeper] WARN  HikariPool             - Retail_HikariCP - Thread starvation or clock leap detected (housekeeper delta=10m1s756ms).
25-01-27.13:05:48.077 [Retail_HikariCP housekeeper] WARN  HikariPool             - Retail_HikariCP - Thread starvation or clock leap detected (housekeeper delta=6m40s777ms).
25-01-27.13:05:48.077 [Retail_HikariCP housekeeper] WARN  HikariPool             - Retail_HikariCP - Thread starvation or clock leap detected (housekeeper delta=6m40s777ms).
25-01-27.13:09:39.983 [Retail_HikariCP housekeeper] WARN  HikariPool             - Retail_HikariCP - Thread starvation or clock leap detected (housekeeper delta=10m18s628ms).
25-01-27.13:09:55.930 [Retail_HikariCP housekeeper] WARN  HikariPool             - Retail_HikariCP - Thread starvation or clock leap detected (housekeeper delta=4m7s853ms).
25-01-27.13:09:55.938 [Retail_HikariCP housekeeper] WARN  HikariPool             - Retail_HikariCP - Thread starvation or clock leap detected (housekeeper delta=4m7s861ms).
25-01-27.14:50:41.054 [main            ] WARN  StartupInfoLogger      - InetAddress.getLocalHost().getHostName() took 5002 milliseconds to respond. Please verify your network configuration (macOS machines may need to add entries to /etc/hosts).
25-01-27.14:50:46.059 [main            ] WARN  ApplicationPid         - ManagementFactory.getRuntimeMXBean().getName() took 5003 milliseconds to respond. This may be due to slow host name resolution. Please verify your network configuration (macOS machines may need to add entries to /etc/hosts).
25-01-27.14:50:49.576 [main            ] WARN  DnsServerAddressStreamProviders - Can not find io.netty.resolver.dns.macos.MacOSDnsServerAddressStreamProvider in the classpath, fallback to system defaults. This may result in incorrect DNS resolutions on MacOS. Check whether you have a dependency on 'io.netty:netty-resolver-dns-native-macos'
25-01-27.14:56:33.168 [Retail_HikariCP housekeeper] WARN  HikariPool             - Retail_HikariCP - Thread starvation or clock leap detected (housekeeper delta=48s919ms).
25-01-27.14:56:33.171 [Retail_HikariCP housekeeper] WARN  HikariPool             - Retail_HikariCP - Thread starvation or clock leap detected (housekeeper delta=48s919ms).
25-01-27.14:56:45.725 [redisson-netty-2-10] ERROR CommandDecoder         - Unable to decode data. channel: [id: 0x195b41ac, L:/127.0.0.1:60203 - R:127.0.0.1/127.0.0.1:16379], reply: ReplayingDecoderByteBuf(ridx=9, widx=9), command: (GET), promise: java.util.concurrent.CompletableFuture@150c6717[Not completed, 1 dependents], params: [strategy_award_count_key_100006_101]
com.esotericsoftware.kryo.KryoException: Encountered unregistered class ID: 47
	at com.esotericsoftware.kryo.util.DefaultClassResolver.readClass(DefaultClassResolver.java:159)
	at com.esotericsoftware.kryo.Kryo.readClass(Kryo.java:758)
	at com.esotericsoftware.kryo.Kryo.readClassAndObject(Kryo.java:869)
	at org.redisson.codec.Kryo5Codec$4.decode(Kryo5Codec.java:144)
	at org.redisson.client.handler.CommandDecoder.decode(CommandDecoder.java:394)
	at org.redisson.client.handler.CommandDecoder.decodeCommand(CommandDecoder.java:205)
	at org.redisson.client.handler.CommandDecoder.decode(CommandDecoder.java:144)
	at org.redisson.client.handler.CommandDecoder.decode(CommandDecoder.java:120)
	at io.netty.handler.codec.ByteToMessageDecoder.decodeRemovalReentryProtection(ByteToMessageDecoder.java:529)
	at io.netty.handler.codec.ReplayingDecoder.callDecode(ReplayingDecoder.java:366)
	at io.netty.handler.codec.ByteToMessageDecoder.channelRead(ByteToMessageDecoder.java:290)
	at io.netty.channel.AbstractChannelHandlerContext.invokeChannelRead(AbstractChannelHandlerContext.java:444)
	at io.netty.channel.AbstractChannelHandlerContext.invokeChannelRead(AbstractChannelHandlerContext.java:420)
	at io.netty.channel.AbstractChannelHandlerContext.fireChannelRead(AbstractChannelHandlerContext.java:412)
	at io.netty.channel.DefaultChannelPipeline$HeadContext.channelRead(DefaultChannelPipeline.java:1410)
	at io.netty.channel.AbstractChannelHandlerContext.invokeChannelRead(AbstractChannelHandlerContext.java:440)
	at io.netty.channel.AbstractChannelHandlerContext.invokeChannelRead(AbstractChannelHandlerContext.java:420)
	at io.netty.channel.DefaultChannelPipeline.fireChannelRead(DefaultChannelPipeline.java:919)
	at io.netty.channel.nio.AbstractNioByteChannel$NioByteUnsafe.read(AbstractNioByteChannel.java:166)
	at io.netty.channel.nio.NioEventLoop.processSelectedKey(NioEventLoop.java:788)
	at io.netty.channel.nio.NioEventLoop.processSelectedKeysOptimized(NioEventLoop.java:724)
	at io.netty.channel.nio.NioEventLoop.processSelectedKeys(NioEventLoop.java:650)
	at io.netty.channel.nio.NioEventLoop.run(NioEventLoop.java:562)
	at io.netty.util.concurrent.SingleThreadEventExecutor$4.run(SingleThreadEventExecutor.java:997)
	at io.netty.util.internal.ThreadExecutorMap$2.run(ThreadExecutorMap.java:74)
	at io.netty.util.concurrent.FastThreadLocalRunnable.run(FastThreadLocalRunnable.java:30)
	at java.lang.Thread.run(Thread.java:748)
25-01-27.14:56:45.736 [redisson-netty-2-10] ERROR ErrorsLoggingHandler   - Exception occured. Channel: [id: 0x195b41ac, L:/127.0.0.1:60203 - R:127.0.0.1/127.0.0.1:16379]
io.netty.handler.codec.DecoderException: com.esotericsoftware.kryo.KryoException: Encountered unregistered class ID: 47
	at io.netty.handler.codec.ReplayingDecoder.callDecode(ReplayingDecoder.java:421)
	at io.netty.handler.codec.ByteToMessageDecoder.channelRead(ByteToMessageDecoder.java:290)
	at io.netty.channel.AbstractChannelHandlerContext.invokeChannelRead(AbstractChannelHandlerContext.java:444)
	at io.netty.channel.AbstractChannelHandlerContext.invokeChannelRead(AbstractChannelHandlerContext.java:420)
	at io.netty.channel.AbstractChannelHandlerContext.fireChannelRead(AbstractChannelHandlerContext.java:412)
	at io.netty.channel.DefaultChannelPipeline$HeadContext.channelRead(DefaultChannelPipeline.java:1410)
	at io.netty.channel.AbstractChannelHandlerContext.invokeChannelRead(AbstractChannelHandlerContext.java:440)
	at io.netty.channel.AbstractChannelHandlerContext.invokeChannelRead(AbstractChannelHandlerContext.java:420)
	at io.netty.channel.DefaultChannelPipeline.fireChannelRead(DefaultChannelPipeline.java:919)
	at io.netty.channel.nio.AbstractNioByteChannel$NioByteUnsafe.read(AbstractNioByteChannel.java:166)
	at io.netty.channel.nio.NioEventLoop.processSelectedKey(NioEventLoop.java:788)
	at io.netty.channel.nio.NioEventLoop.processSelectedKeysOptimized(NioEventLoop.java:724)
	at io.netty.channel.nio.NioEventLoop.processSelectedKeys(NioEventLoop.java:650)
	at io.netty.channel.nio.NioEventLoop.run(NioEventLoop.java:562)
	at io.netty.util.concurrent.SingleThreadEventExecutor$4.run(SingleThreadEventExecutor.java:997)
	at io.netty.util.internal.ThreadExecutorMap$2.run(ThreadExecutorMap.java:74)
	at io.netty.util.concurrent.FastThreadLocalRunnable.run(FastThreadLocalRunnable.java:30)
	at java.lang.Thread.run(Thread.java:748)
Caused by: com.esotericsoftware.kryo.KryoException: Encountered unregistered class ID: 47
	at com.esotericsoftware.kryo.util.DefaultClassResolver.readClass(DefaultClassResolver.java:159)
	at com.esotericsoftware.kryo.Kryo.readClass(Kryo.java:758)
	at com.esotericsoftware.kryo.Kryo.readClassAndObject(Kryo.java:869)
	at org.redisson.codec.Kryo5Codec$4.decode(Kryo5Codec.java:144)
	at org.redisson.client.handler.CommandDecoder.decode(CommandDecoder.java:394)
	at org.redisson.client.handler.CommandDecoder.decodeCommand(CommandDecoder.java:205)
	at org.redisson.client.handler.CommandDecoder.decode(CommandDecoder.java:144)
	at org.redisson.client.handler.CommandDecoder.decode(CommandDecoder.java:120)
	at io.netty.handler.codec.ByteToMessageDecoder.decodeRemovalReentryProtection(ByteToMessageDecoder.java:529)
	at io.netty.handler.codec.ReplayingDecoder.callDecode(ReplayingDecoder.java:366)
	... 17 common frames omitted
25-01-27.14:57:19.592 [Retail_HikariCP housekeeper] WARN  HikariPool             - Retail_HikariCP - Thread starvation or clock leap detected (housekeeper delta=46s424ms).
25-01-27.14:57:19.591 [Retail_HikariCP housekeeper] WARN  HikariPool             - Retail_HikariCP - Thread starvation or clock leap detected (housekeeper delta=46s423ms).
25-01-27.14:57:19.592 [Retail_HikariCP housekeeper] WARN  HikariPool             - Retail_HikariCP - Thread starvation or clock leap detected (housekeeper delta=46s424ms).
25-01-27.14:57:19.593 [http-nio-8091-exec-1] ERROR RaffleActivityController - 活动装配，数据预热，失败 activityId:100301
org.springframework.dao.InvalidDataAccessApiUsageException: Unexpected exception while processing command; nested exception is org.redisson.client.RedisException: Unexpected exception while processing command
	at org.redisson.spring.data.connection.RedissonExceptionConverter.convert(RedissonExceptionConverter.java:52)
	at org.redisson.spring.data.connection.RedissonExceptionConverter.convert(RedissonExceptionConverter.java:35)
	at org.springframework.data.redis.PassThroughExceptionTranslationStrategy.translate(PassThroughExceptionTranslationStrategy.java:44)
	at org.redisson.spring.data.connection.RedissonConnectionFactory.translateExceptionIfPossible(RedissonConnectionFactory.java:91)
	at org.springframework.dao.support.ChainedPersistenceExceptionTranslator.translateExceptionIfPossible(ChainedPersistenceExceptionTranslator.java:61)
	at org.springframework.dao.support.DataAccessUtils.translateIfNecessary(DataAccessUtils.java:242)
	at org.springframework.dao.support.PersistenceExceptionTranslationInterceptor.invoke(PersistenceExceptionTranslationInterceptor.java:152)
	at org.springframework.aop.framework.ReflectiveMethodInvocation.proceed(ReflectiveMethodInvocation.java:186)
	at org.springframework.aop.framework.CglibAopProxy$CglibMethodInvocation.proceed(CglibAopProxy.java:763)
	at org.springframework.aop.framework.CglibAopProxy$DynamicAdvisedInterceptor.intercept(CglibAopProxy.java:708)
	at cn.bugstack.infrastructure.persistent.repository.StrategyRepository$$EnhancerBySpringCGLIB$$1d3a9641.cacheStrategyAwardCount(<generated>)
	at cn.bugstack.domain.strategy.service.armory.StrategyArmoryDispatch.cacheStrategyAwardCount(StrategyArmoryDispatch.java:77)
	at cn.bugstack.domain.strategy.service.armory.StrategyArmoryDispatch.assembleLotteryStrategy(StrategyArmoryDispatch.java:47)
	at cn.bugstack.domain.strategy.service.armory.StrategyArmoryDispatch.assembleLotteryStrategyByActivityId(StrategyArmoryDispatch.java:35)
	at cn.bugstack.trigger.http.RaffleActivityController.armory(RaffleActivityController.java:75)
	at sun.reflect.NativeMethodAccessorImpl.invoke0(Native Method)
	at sun.reflect.NativeMethodAccessorImpl.invoke(NativeMethodAccessorImpl.java:62)
	at sun.reflect.DelegatingMethodAccessorImpl.invoke(DelegatingMethodAccessorImpl.java:43)
	at java.lang.reflect.Method.invoke(Method.java:498)
	at org.springframework.web.method.support.InvocableHandlerMethod.doInvoke(InvocableHandlerMethod.java:205)
	at org.springframework.web.method.support.InvocableHandlerMethod.invokeForRequest(InvocableHandlerMethod.java:150)
	at org.springframework.web.servlet.mvc.method.annotation.ServletInvocableHandlerMethod.invokeAndHandle(ServletInvocableHandlerMethod.java:117)
	at org.springframework.web.servlet.mvc.method.annotation.RequestMappingHandlerAdapter.invokeHandlerMethod(RequestMappingHandlerAdapter.java:895)
	at org.springframework.web.servlet.mvc.method.annotation.RequestMappingHandlerAdapter.handleInternal(RequestMappingHandlerAdapter.java:808)
	at org.springframework.web.servlet.mvc.method.AbstractHandlerMethodAdapter.handle(AbstractHandlerMethodAdapter.java:87)
	at org.springframework.web.servlet.DispatcherServlet.doDispatch(DispatcherServlet.java:1072)
	at org.springframework.web.servlet.DispatcherServlet.doService(DispatcherServlet.java:965)
	at org.springframework.web.servlet.FrameworkServlet.processRequest(FrameworkServlet.java:1006)
	at org.springframework.web.servlet.FrameworkServlet.doGet(FrameworkServlet.java:898)
	at javax.servlet.http.HttpServlet.service(HttpServlet.java:529)
	at org.springframework.web.servlet.FrameworkServlet.service(FrameworkServlet.java:883)
	at javax.servlet.http.HttpServlet.service(HttpServlet.java:623)
	at org.apache.catalina.core.ApplicationFilterChain.internalDoFilter(ApplicationFilterChain.java:209)
	at org.apache.catalina.core.ApplicationFilterChain.doFilter(ApplicationFilterChain.java:153)
	at org.apache.tomcat.websocket.server.WsFilter.doFilter(WsFilter.java:51)
	at org.apache.catalina.core.ApplicationFilterChain.internalDoFilter(ApplicationFilterChain.java:178)
	at org.apache.catalina.core.ApplicationFilterChain.doFilter(ApplicationFilterChain.java:153)
	at org.springframework.web.filter.RequestContextFilter.doFilterInternal(RequestContextFilter.java:100)
	at org.springframework.web.filter.OncePerRequestFilter.doFilter(OncePerRequestFilter.java:117)
	at org.apache.catalina.core.ApplicationFilterChain.internalDoFilter(ApplicationFilterChain.java:178)
	at org.apache.catalina.core.ApplicationFilterChain.doFilter(ApplicationFilterChain.java:153)
	at org.springframework.web.filter.FormContentFilter.doFilterInternal(FormContentFilter.java:93)
	at org.springframework.web.filter.OncePerRequestFilter.doFilter(OncePerRequestFilter.java:117)
	at org.apache.catalina.core.ApplicationFilterChain.internalDoFilter(ApplicationFilterChain.java:178)
	at org.apache.catalina.core.ApplicationFilterChain.doFilter(ApplicationFilterChain.java:153)
	at org.springframework.boot.actuate.metrics.web.servlet.WebMvcMetricsFilter.doFilterInternal(WebMvcMetricsFilter.java:96)
	at org.springframework.web.filter.OncePerRequestFilter.doFilter(OncePerRequestFilter.java:117)
	at org.apache.catalina.core.ApplicationFilterChain.internalDoFilter(ApplicationFilterChain.java:178)
	at org.apache.catalina.core.ApplicationFilterChain.doFilter(ApplicationFilterChain.java:153)
	at org.springframework.web.filter.CharacterEncodingFilter.doFilterInternal(CharacterEncodingFilter.java:201)
	at org.springframework.web.filter.OncePerRequestFilter.doFilter(OncePerRequestFilter.java:117)
	at org.apache.catalina.core.ApplicationFilterChain.internalDoFilter(ApplicationFilterChain.java:178)
	at org.apache.catalina.core.ApplicationFilterChain.doFilter(ApplicationFilterChain.java:153)
	at org.apache.catalina.core.StandardWrapperValve.invoke(StandardWrapperValve.java:167)
	at org.apache.catalina.core.StandardContextValve.invoke(StandardContextValve.java:90)
	at org.apache.catalina.authenticator.AuthenticatorBase.invoke(AuthenticatorBase.java:481)
	at org.apache.catalina.core.StandardHostValve.invoke(StandardHostValve.java:130)
	at org.apache.catalina.valves.ErrorReportValve.invoke(ErrorReportValve.java:93)
	at org.apache.catalina.core.StandardEngineValve.invoke(StandardEngineValve.java:74)
	at org.apache.catalina.connector.CoyoteAdapter.service(CoyoteAdapter.java:343)
	at org.apache.coyote.http11.Http11Processor.service(Http11Processor.java:390)
	at org.apache.coyote.AbstractProcessorLight.process(AbstractProcessorLight.java:63)
	at org.apache.coyote.AbstractProtocol$ConnectionHandler.process(AbstractProtocol.java:926)
	at org.apache.tomcat.util.net.NioEndpoint$SocketProcessor.doRun(NioEndpoint.java:1791)
	at org.apache.tomcat.util.net.SocketProcessorBase.run(SocketProcessorBase.java:52)
	at org.apache.tomcat.util.threads.ThreadPoolExecutor.runWorker(ThreadPoolExecutor.java:1191)
	at org.apache.tomcat.util.threads.ThreadPoolExecutor$Worker.run(ThreadPoolExecutor.java:659)
	at org.apache.tomcat.util.threads.TaskThread$WrappingRunnable.run(TaskThread.java:61)
	at java.lang.Thread.run(Thread.java:748)
Caused by: org.redisson.client.RedisException: Unexpected exception while processing command
	at org.redisson.command.CommandAsyncService.convertException(CommandAsyncService.java:299)
	at org.redisson.command.CommandAsyncService.get(CommandAsyncService.java:116)
	at org.redisson.RedissonObject.get(RedissonObject.java:90)
	at org.redisson.RedissonBucket.get(RedissonBucket.java:135)
	at cn.bugstack.infrastructure.persistent.redis.RedissonService.getValue(RedissonService.java:32)
	at cn.bugstack.infrastructure.persistent.repository.StrategyRepository.cacheStrategyAwardCount(StrategyRepository.java:259)
	at cn.bugstack.infrastructure.persistent.repository.StrategyRepository$$FastClassBySpringCGLIB$$1981c8fe.invoke(<generated>)
	at org.springframework.cglib.proxy.MethodProxy.invoke(MethodProxy.java:218)
	at org.springframework.aop.framework.CglibAopProxy$CglibMethodInvocation.invokeJoinpoint(CglibAopProxy.java:793)
	at org.springframework.aop.framework.ReflectiveMethodInvocation.proceed(ReflectiveMethodInvocation.java:163)
	at org.springframework.aop.framework.CglibAopProxy$CglibMethodInvocation.proceed(CglibAopProxy.java:763)
	at org.springframework.dao.support.PersistenceExceptionTranslationInterceptor.invoke(PersistenceExceptionTranslationInterceptor.java:137)
	... 62 common frames omitted
Caused by: com.esotericsoftware.kryo.KryoException: Encountered unregistered class ID: 47
	at com.esotericsoftware.kryo.util.DefaultClassResolver.readClass(DefaultClassResolver.java:159)
	at com.esotericsoftware.kryo.Kryo.readClass(Kryo.java:758)
	at com.esotericsoftware.kryo.Kryo.readClassAndObject(Kryo.java:869)
	at org.redisson.codec.Kryo5Codec$4.decode(Kryo5Codec.java:144)
	at org.redisson.client.handler.CommandDecoder.decode(CommandDecoder.java:394)
	at org.redisson.client.handler.CommandDecoder.decodeCommand(CommandDecoder.java:205)
	at org.redisson.client.handler.CommandDecoder.decode(CommandDecoder.java:144)
	at org.redisson.client.handler.CommandDecoder.decode(CommandDecoder.java:120)
	at io.netty.handler.codec.ByteToMessageDecoder.decodeRemovalReentryProtection(ByteToMessageDecoder.java:529)
	at io.netty.handler.codec.ReplayingDecoder.callDecode(ReplayingDecoder.java:366)
	at io.netty.handler.codec.ByteToMessageDecoder.channelRead(ByteToMessageDecoder.java:290)
	at io.netty.channel.AbstractChannelHandlerContext.invokeChannelRead(AbstractChannelHandlerContext.java:444)
	at io.netty.channel.AbstractChannelHandlerContext.invokeChannelRead(AbstractChannelHandlerContext.java:420)
	at io.netty.channel.AbstractChannelHandlerContext.fireChannelRead(AbstractChannelHandlerContext.java:412)
	at io.netty.channel.DefaultChannelPipeline$HeadContext.channelRead(DefaultChannelPipeline.java:1410)
	at io.netty.channel.AbstractChannelHandlerContext.invokeChannelRead(AbstractChannelHandlerContext.java:440)
	at io.netty.channel.AbstractChannelHandlerContext.invokeChannelRead(AbstractChannelHandlerContext.java:420)
	at io.netty.channel.DefaultChannelPipeline.fireChannelRead(DefaultChannelPipeline.java:919)
	at io.netty.channel.nio.AbstractNioByteChannel$NioByteUnsafe.read(AbstractNioByteChannel.java:166)
	at io.netty.channel.nio.NioEventLoop.processSelectedKey(NioEventLoop.java:788)
	at io.netty.channel.nio.NioEventLoop.processSelectedKeysOptimized(NioEventLoop.java:724)
	at io.netty.channel.nio.NioEventLoop.processSelectedKeys(NioEventLoop.java:650)
	at io.netty.channel.nio.NioEventLoop.run(NioEventLoop.java:562)
	at io.netty.util.concurrent.SingleThreadEventExecutor$4.run(SingleThreadEventExecutor.java:997)
	at io.netty.util.internal.ThreadExecutorMap$2.run(ThreadExecutorMap.java:74)
	at io.netty.util.concurrent.FastThreadLocalRunnable.run(FastThreadLocalRunnable.java:30)
	... 1 common frames omitted
25-01-27.14:59:54.339 [main            ] WARN  StartupInfoLogger      - InetAddress.getLocalHost().getHostName() took 5002 milliseconds to respond. Please verify your network configuration (macOS machines may need to add entries to /etc/hosts).
25-01-27.14:59:59.343 [main            ] WARN  ApplicationPid         - ManagementFactory.getRuntimeMXBean().getName() took 5002 milliseconds to respond. This may be due to slow host name resolution. Please verify your network configuration (macOS machines may need to add entries to /etc/hosts).
25-01-27.15:00:03.275 [main            ] WARN  DnsServerAddressStreamProviders - Can not find io.netty.resolver.dns.macos.MacOSDnsServerAddressStreamProvider in the classpath, fallback to system defaults. This may result in incorrect DNS resolutions on MacOS. Check whether you have a dependency on 'io.netty:netty-resolver-dns-native-macos'
25-01-27.15:03:14.211 [Retail_HikariCP housekeeper] WARN  HikariPool             - Retail_HikariCP - Thread starvation or clock leap detected (housekeeper delta=2m3s414ms).
25-01-27.15:03:14.213 [Retail_HikariCP housekeeper] WARN  HikariPool             - Retail_HikariCP - Thread starvation or clock leap detected (housekeeper delta=2m27s16ms).
25-01-27.15:03:14.211 [Retail_HikariCP housekeeper] WARN  HikariPool             - Retail_HikariCP - Thread starvation or clock leap detected (housekeeper delta=2m27s16ms).
25-01-27.15:05:32.893 [main            ] WARN  StartupInfoLogger      - InetAddress.getLocalHost().getHostName() took 5002 milliseconds to respond. Please verify your network configuration (macOS machines may need to add entries to /etc/hosts).
25-01-27.15:05:37.900 [main            ] WARN  ApplicationPid         - ManagementFactory.getRuntimeMXBean().getName() took 5002 milliseconds to respond. This may be due to slow host name resolution. Please verify your network configuration (macOS machines may need to add entries to /etc/hosts).
25-01-27.15:05:40.943 [main            ] WARN  DnsServerAddressStreamProviders - Can not find io.netty.resolver.dns.macos.MacOSDnsServerAddressStreamProvider in the classpath, fallback to system defaults. This may result in incorrect DNS resolutions on MacOS. Check whether you have a dependency on 'io.netty:netty-resolver-dns-native-macos'
25-01-27.15:06:39.569 [redisson-netty-2-2] ERROR CommandDecoder         - Unable to decode data. channel: [id: 0x6c46ec8a, L:/127.0.0.1:60509 - R:127.0.0.1/127.0.0.1:16379], reply: ReplayingDecoderByteBuf(ridx=9, widx=9), command: (GET), promise: java.util.concurrent.CompletableFuture@2fa73431[Not completed, 1 dependents], params: [strategy_award_count_key_100006_101]
com.esotericsoftware.kryo.KryoException: Encountered unregistered class ID: 47
	at com.esotericsoftware.kryo.util.DefaultClassResolver.readClass(DefaultClassResolver.java:159)
	at com.esotericsoftware.kryo.Kryo.readClass(Kryo.java:758)
	at com.esotericsoftware.kryo.Kryo.readClassAndObject(Kryo.java:869)
	at org.redisson.codec.Kryo5Codec$4.decode(Kryo5Codec.java:144)
	at org.redisson.client.handler.CommandDecoder.decode(CommandDecoder.java:394)
	at org.redisson.client.handler.CommandDecoder.decodeCommand(CommandDecoder.java:205)
	at org.redisson.client.handler.CommandDecoder.decode(CommandDecoder.java:144)
	at org.redisson.client.handler.CommandDecoder.decode(CommandDecoder.java:120)
	at io.netty.handler.codec.ByteToMessageDecoder.decodeRemovalReentryProtection(ByteToMessageDecoder.java:529)
	at io.netty.handler.codec.ReplayingDecoder.callDecode(ReplayingDecoder.java:366)
	at io.netty.handler.codec.ByteToMessageDecoder.channelRead(ByteToMessageDecoder.java:290)
	at io.netty.channel.AbstractChannelHandlerContext.invokeChannelRead(AbstractChannelHandlerContext.java:444)
	at io.netty.channel.AbstractChannelHandlerContext.invokeChannelRead(AbstractChannelHandlerContext.java:420)
	at io.netty.channel.AbstractChannelHandlerContext.fireChannelRead(AbstractChannelHandlerContext.java:412)
	at io.netty.channel.DefaultChannelPipeline$HeadContext.channelRead(DefaultChannelPipeline.java:1410)
	at io.netty.channel.AbstractChannelHandlerContext.invokeChannelRead(AbstractChannelHandlerContext.java:440)
	at io.netty.channel.AbstractChannelHandlerContext.invokeChannelRead(AbstractChannelHandlerContext.java:420)
	at io.netty.channel.DefaultChannelPipeline.fireChannelRead(DefaultChannelPipeline.java:919)
	at io.netty.channel.nio.AbstractNioByteChannel$NioByteUnsafe.read(AbstractNioByteChannel.java:166)
	at io.netty.channel.nio.NioEventLoop.processSelectedKey(NioEventLoop.java:788)
	at io.netty.channel.nio.NioEventLoop.processSelectedKeysOptimized(NioEventLoop.java:724)
	at io.netty.channel.nio.NioEventLoop.processSelectedKeys(NioEventLoop.java:650)
	at io.netty.channel.nio.NioEventLoop.run(NioEventLoop.java:562)
	at io.netty.util.concurrent.SingleThreadEventExecutor$4.run(SingleThreadEventExecutor.java:997)
	at io.netty.util.internal.ThreadExecutorMap$2.run(ThreadExecutorMap.java:74)
	at io.netty.util.concurrent.FastThreadLocalRunnable.run(FastThreadLocalRunnable.java:30)
	at java.lang.Thread.run(Thread.java:748)
25-01-27.15:06:39.584 [redisson-netty-2-2] ERROR ErrorsLoggingHandler   - Exception occured. Channel: [id: 0x6c46ec8a, L:/127.0.0.1:60509 - R:127.0.0.1/127.0.0.1:16379]
io.netty.handler.codec.DecoderException: com.esotericsoftware.kryo.KryoException: Encountered unregistered class ID: 47
	at io.netty.handler.codec.ReplayingDecoder.callDecode(ReplayingDecoder.java:421)
	at io.netty.handler.codec.ByteToMessageDecoder.channelRead(ByteToMessageDecoder.java:290)
	at io.netty.channel.AbstractChannelHandlerContext.invokeChannelRead(AbstractChannelHandlerContext.java:444)
	at io.netty.channel.AbstractChannelHandlerContext.invokeChannelRead(AbstractChannelHandlerContext.java:420)
	at io.netty.channel.AbstractChannelHandlerContext.fireChannelRead(AbstractChannelHandlerContext.java:412)
	at io.netty.channel.DefaultChannelPipeline$HeadContext.channelRead(DefaultChannelPipeline.java:1410)
	at io.netty.channel.AbstractChannelHandlerContext.invokeChannelRead(AbstractChannelHandlerContext.java:440)
	at io.netty.channel.AbstractChannelHandlerContext.invokeChannelRead(AbstractChannelHandlerContext.java:420)
	at io.netty.channel.DefaultChannelPipeline.fireChannelRead(DefaultChannelPipeline.java:919)
	at io.netty.channel.nio.AbstractNioByteChannel$NioByteUnsafe.read(AbstractNioByteChannel.java:166)
	at io.netty.channel.nio.NioEventLoop.processSelectedKey(NioEventLoop.java:788)
	at io.netty.channel.nio.NioEventLoop.processSelectedKeysOptimized(NioEventLoop.java:724)
	at io.netty.channel.nio.NioEventLoop.processSelectedKeys(NioEventLoop.java:650)
	at io.netty.channel.nio.NioEventLoop.run(NioEventLoop.java:562)
	at io.netty.util.concurrent.SingleThreadEventExecutor$4.run(SingleThreadEventExecutor.java:997)
	at io.netty.util.internal.ThreadExecutorMap$2.run(ThreadExecutorMap.java:74)
	at io.netty.util.concurrent.FastThreadLocalRunnable.run(FastThreadLocalRunnable.java:30)
	at java.lang.Thread.run(Thread.java:748)
Caused by: com.esotericsoftware.kryo.KryoException: Encountered unregistered class ID: 47
	at com.esotericsoftware.kryo.util.DefaultClassResolver.readClass(DefaultClassResolver.java:159)
	at com.esotericsoftware.kryo.Kryo.readClass(Kryo.java:758)
	at com.esotericsoftware.kryo.Kryo.readClassAndObject(Kryo.java:869)
	at org.redisson.codec.Kryo5Codec$4.decode(Kryo5Codec.java:144)
	at org.redisson.client.handler.CommandDecoder.decode(CommandDecoder.java:394)
	at org.redisson.client.handler.CommandDecoder.decodeCommand(CommandDecoder.java:205)
	at org.redisson.client.handler.CommandDecoder.decode(CommandDecoder.java:144)
	at org.redisson.client.handler.CommandDecoder.decode(CommandDecoder.java:120)
	at io.netty.handler.codec.ByteToMessageDecoder.decodeRemovalReentryProtection(ByteToMessageDecoder.java:529)
	at io.netty.handler.codec.ReplayingDecoder.callDecode(ReplayingDecoder.java:366)
	... 17 common frames omitted
25-01-27.15:06:39.588 [http-nio-8091-exec-2] ERROR RaffleActivityController - 活动装配，数据预热，失败 activityId:100301
org.springframework.dao.InvalidDataAccessApiUsageException: Unexpected exception while processing command; nested exception is org.redisson.client.RedisException: Unexpected exception while processing command
	at org.redisson.spring.data.connection.RedissonExceptionConverter.convert(RedissonExceptionConverter.java:52)
	at org.redisson.spring.data.connection.RedissonExceptionConverter.convert(RedissonExceptionConverter.java:35)
	at org.springframework.data.redis.PassThroughExceptionTranslationStrategy.translate(PassThroughExceptionTranslationStrategy.java:44)
	at org.redisson.spring.data.connection.RedissonConnectionFactory.translateExceptionIfPossible(RedissonConnectionFactory.java:91)
	at org.springframework.dao.support.ChainedPersistenceExceptionTranslator.translateExceptionIfPossible(ChainedPersistenceExceptionTranslator.java:61)
	at org.springframework.dao.support.DataAccessUtils.translateIfNecessary(DataAccessUtils.java:242)
	at org.springframework.dao.support.PersistenceExceptionTranslationInterceptor.invoke(PersistenceExceptionTranslationInterceptor.java:152)
	at org.springframework.aop.framework.ReflectiveMethodInvocation.proceed(ReflectiveMethodInvocation.java:186)
	at org.springframework.aop.framework.CglibAopProxy$CglibMethodInvocation.proceed(CglibAopProxy.java:763)
	at org.springframework.aop.framework.CglibAopProxy$DynamicAdvisedInterceptor.intercept(CglibAopProxy.java:708)
	at cn.bugstack.infrastructure.persistent.repository.StrategyRepository$$EnhancerBySpringCGLIB$$dbf4c583.cacheStrategyAwardCount(<generated>)
	at cn.bugstack.domain.strategy.service.armory.StrategyArmoryDispatch.cacheStrategyAwardCount(StrategyArmoryDispatch.java:77)
	at cn.bugstack.domain.strategy.service.armory.StrategyArmoryDispatch.assembleLotteryStrategy(StrategyArmoryDispatch.java:47)
	at cn.bugstack.domain.strategy.service.armory.StrategyArmoryDispatch.assembleLotteryStrategyByActivityId(StrategyArmoryDispatch.java:35)
	at cn.bugstack.trigger.http.RaffleActivityController.armory(RaffleActivityController.java:75)
	at sun.reflect.NativeMethodAccessorImpl.invoke0(Native Method)
	at sun.reflect.NativeMethodAccessorImpl.invoke(NativeMethodAccessorImpl.java:62)
	at sun.reflect.DelegatingMethodAccessorImpl.invoke(DelegatingMethodAccessorImpl.java:43)
	at java.lang.reflect.Method.invoke(Method.java:498)
	at org.springframework.web.method.support.InvocableHandlerMethod.doInvoke(InvocableHandlerMethod.java:205)
	at org.springframework.web.method.support.InvocableHandlerMethod.invokeForRequest(InvocableHandlerMethod.java:150)
	at org.springframework.web.servlet.mvc.method.annotation.ServletInvocableHandlerMethod.invokeAndHandle(ServletInvocableHandlerMethod.java:117)
	at org.springframework.web.servlet.mvc.method.annotation.RequestMappingHandlerAdapter.invokeHandlerMethod(RequestMappingHandlerAdapter.java:895)
	at org.springframework.web.servlet.mvc.method.annotation.RequestMappingHandlerAdapter.handleInternal(RequestMappingHandlerAdapter.java:808)
	at org.springframework.web.servlet.mvc.method.AbstractHandlerMethodAdapter.handle(AbstractHandlerMethodAdapter.java:87)
	at org.springframework.web.servlet.DispatcherServlet.doDispatch(DispatcherServlet.java:1072)
	at org.springframework.web.servlet.DispatcherServlet.doService(DispatcherServlet.java:965)
	at org.springframework.web.servlet.FrameworkServlet.processRequest(FrameworkServlet.java:1006)
	at org.springframework.web.servlet.FrameworkServlet.doGet(FrameworkServlet.java:898)
	at javax.servlet.http.HttpServlet.service(HttpServlet.java:529)
	at org.springframework.web.servlet.FrameworkServlet.service(FrameworkServlet.java:883)
	at javax.servlet.http.HttpServlet.service(HttpServlet.java:623)
	at org.apache.catalina.core.ApplicationFilterChain.internalDoFilter(ApplicationFilterChain.java:209)
	at org.apache.catalina.core.ApplicationFilterChain.doFilter(ApplicationFilterChain.java:153)
	at org.apache.tomcat.websocket.server.WsFilter.doFilter(WsFilter.java:51)
	at org.apache.catalina.core.ApplicationFilterChain.internalDoFilter(ApplicationFilterChain.java:178)
	at org.apache.catalina.core.ApplicationFilterChain.doFilter(ApplicationFilterChain.java:153)
	at org.springframework.web.filter.RequestContextFilter.doFilterInternal(RequestContextFilter.java:100)
	at org.springframework.web.filter.OncePerRequestFilter.doFilter(OncePerRequestFilter.java:117)
	at org.apache.catalina.core.ApplicationFilterChain.internalDoFilter(ApplicationFilterChain.java:178)
	at org.apache.catalina.core.ApplicationFilterChain.doFilter(ApplicationFilterChain.java:153)
	at org.springframework.web.filter.FormContentFilter.doFilterInternal(FormContentFilter.java:93)
	at org.springframework.web.filter.OncePerRequestFilter.doFilter(OncePerRequestFilter.java:117)
	at org.apache.catalina.core.ApplicationFilterChain.internalDoFilter(ApplicationFilterChain.java:178)
	at org.apache.catalina.core.ApplicationFilterChain.doFilter(ApplicationFilterChain.java:153)
	at org.springframework.boot.actuate.metrics.web.servlet.WebMvcMetricsFilter.doFilterInternal(WebMvcMetricsFilter.java:96)
	at org.springframework.web.filter.OncePerRequestFilter.doFilter(OncePerRequestFilter.java:117)
	at org.apache.catalina.core.ApplicationFilterChain.internalDoFilter(ApplicationFilterChain.java:178)
	at org.apache.catalina.core.ApplicationFilterChain.doFilter(ApplicationFilterChain.java:153)
	at org.springframework.web.filter.CharacterEncodingFilter.doFilterInternal(CharacterEncodingFilter.java:201)
	at org.springframework.web.filter.OncePerRequestFilter.doFilter(OncePerRequestFilter.java:117)
	at org.apache.catalina.core.ApplicationFilterChain.internalDoFilter(ApplicationFilterChain.java:178)
	at org.apache.catalina.core.ApplicationFilterChain.doFilter(ApplicationFilterChain.java:153)
	at org.apache.catalina.core.StandardWrapperValve.invoke(StandardWrapperValve.java:167)
	at org.apache.catalina.core.StandardContextValve.invoke(StandardContextValve.java:90)
	at org.apache.catalina.authenticator.AuthenticatorBase.invoke(AuthenticatorBase.java:481)
	at org.apache.catalina.core.StandardHostValve.invoke(StandardHostValve.java:130)
	at org.apache.catalina.valves.ErrorReportValve.invoke(ErrorReportValve.java:93)
	at org.apache.catalina.core.StandardEngineValve.invoke(StandardEngineValve.java:74)
	at org.apache.catalina.connector.CoyoteAdapter.service(CoyoteAdapter.java:343)
	at org.apache.coyote.http11.Http11Processor.service(Http11Processor.java:390)
	at org.apache.coyote.AbstractProcessorLight.process(AbstractProcessorLight.java:63)
	at org.apache.coyote.AbstractProtocol$ConnectionHandler.process(AbstractProtocol.java:926)
	at org.apache.tomcat.util.net.NioEndpoint$SocketProcessor.doRun(NioEndpoint.java:1791)
	at org.apache.tomcat.util.net.SocketProcessorBase.run(SocketProcessorBase.java:52)
	at org.apache.tomcat.util.threads.ThreadPoolExecutor.runWorker(ThreadPoolExecutor.java:1191)
	at org.apache.tomcat.util.threads.ThreadPoolExecutor$Worker.run(ThreadPoolExecutor.java:659)
	at org.apache.tomcat.util.threads.TaskThread$WrappingRunnable.run(TaskThread.java:61)
	at java.lang.Thread.run(Thread.java:748)
Caused by: org.redisson.client.RedisException: Unexpected exception while processing command
	at org.redisson.command.CommandAsyncService.convertException(CommandAsyncService.java:299)
	at org.redisson.command.CommandAsyncService.get(CommandAsyncService.java:116)
	at org.redisson.RedissonObject.get(RedissonObject.java:90)
	at org.redisson.RedissonBucket.get(RedissonBucket.java:135)
	at cn.bugstack.infrastructure.persistent.redis.RedissonService.getValue(RedissonService.java:32)
	at cn.bugstack.infrastructure.persistent.repository.StrategyRepository.cacheStrategyAwardCount(StrategyRepository.java:259)
	at cn.bugstack.infrastructure.persistent.repository.StrategyRepository$$FastClassBySpringCGLIB$$1981c8fe.invoke(<generated>)
	at org.springframework.cglib.proxy.MethodProxy.invoke(MethodProxy.java:218)
	at org.springframework.aop.framework.CglibAopProxy$CglibMethodInvocation.invokeJoinpoint(CglibAopProxy.java:793)
	at org.springframework.aop.framework.ReflectiveMethodInvocation.proceed(ReflectiveMethodInvocation.java:163)
	at org.springframework.aop.framework.CglibAopProxy$CglibMethodInvocation.proceed(CglibAopProxy.java:763)
	at org.springframework.dao.support.PersistenceExceptionTranslationInterceptor.invoke(PersistenceExceptionTranslationInterceptor.java:137)
	... 62 common frames omitted
Caused by: com.esotericsoftware.kryo.KryoException: Encountered unregistered class ID: 47
	at com.esotericsoftware.kryo.util.DefaultClassResolver.readClass(DefaultClassResolver.java:159)
	at com.esotericsoftware.kryo.Kryo.readClass(Kryo.java:758)
	at com.esotericsoftware.kryo.Kryo.readClassAndObject(Kryo.java:869)
	at org.redisson.codec.Kryo5Codec$4.decode(Kryo5Codec.java:144)
	at org.redisson.client.handler.CommandDecoder.decode(CommandDecoder.java:394)
	at org.redisson.client.handler.CommandDecoder.decodeCommand(CommandDecoder.java:205)
	at org.redisson.client.handler.CommandDecoder.decode(CommandDecoder.java:144)
	at org.redisson.client.handler.CommandDecoder.decode(CommandDecoder.java:120)
	at io.netty.handler.codec.ByteToMessageDecoder.decodeRemovalReentryProtection(ByteToMessageDecoder.java:529)
	at io.netty.handler.codec.ReplayingDecoder.callDecode(ReplayingDecoder.java:366)
	at io.netty.handler.codec.ByteToMessageDecoder.channelRead(ByteToMessageDecoder.java:290)
	at io.netty.channel.AbstractChannelHandlerContext.invokeChannelRead(AbstractChannelHandlerContext.java:444)
	at io.netty.channel.AbstractChannelHandlerContext.invokeChannelRead(AbstractChannelHandlerContext.java:420)
	at io.netty.channel.AbstractChannelHandlerContext.fireChannelRead(AbstractChannelHandlerContext.java:412)
	at io.netty.channel.DefaultChannelPipeline$HeadContext.channelRead(DefaultChannelPipeline.java:1410)
	at io.netty.channel.AbstractChannelHandlerContext.invokeChannelRead(AbstractChannelHandlerContext.java:440)
	at io.netty.channel.AbstractChannelHandlerContext.invokeChannelRead(AbstractChannelHandlerContext.java:420)
	at io.netty.channel.DefaultChannelPipeline.fireChannelRead(DefaultChannelPipeline.java:919)
	at io.netty.channel.nio.AbstractNioByteChannel$NioByteUnsafe.read(AbstractNioByteChannel.java:166)
	at io.netty.channel.nio.NioEventLoop.processSelectedKey(NioEventLoop.java:788)
	at io.netty.channel.nio.NioEventLoop.processSelectedKeysOptimized(NioEventLoop.java:724)
	at io.netty.channel.nio.NioEventLoop.processSelectedKeys(NioEventLoop.java:650)
	at io.netty.channel.nio.NioEventLoop.run(NioEventLoop.java:562)
	at io.netty.util.concurrent.SingleThreadEventExecutor$4.run(SingleThreadEventExecutor.java:997)
	at io.netty.util.internal.ThreadExecutorMap$2.run(ThreadExecutorMap.java:74)
	at io.netty.util.concurrent.FastThreadLocalRunnable.run(FastThreadLocalRunnable.java:30)
	... 1 common frames omitted
25-01-27.15:06:43.749 [http-nio-8091-exec-3] ERROR RaffleActivityController - 活动抽奖失败 userId:xiaofuge activityId:100301
cn.bugstack.types.exception.AppException: null
	at cn.bugstack.infrastructure.persistent.repository.StrategyRepository.getRateRange(StrategyRepository.java:132)
	at cn.bugstack.infrastructure.persistent.repository.StrategyRepository.getRateRange(StrategyRepository.java:124)
	at cn.bugstack.infrastructure.persistent.repository.StrategyRepository$$FastClassBySpringCGLIB$$1981c8fe.invoke(<generated>)
	at org.springframework.cglib.proxy.MethodProxy.invoke(MethodProxy.java:218)
	at org.springframework.aop.framework.CglibAopProxy$CglibMethodInvocation.invokeJoinpoint(CglibAopProxy.java:793)
	at org.springframework.aop.framework.ReflectiveMethodInvocation.proceed(ReflectiveMethodInvocation.java:163)
	at org.springframework.aop.framework.CglibAopProxy$CglibMethodInvocation.proceed(CglibAopProxy.java:763)
	at org.springframework.dao.support.PersistenceExceptionTranslationInterceptor.invoke(PersistenceExceptionTranslationInterceptor.java:137)
	at org.springframework.aop.framework.ReflectiveMethodInvocation.proceed(ReflectiveMethodInvocation.java:186)
	at org.springframework.aop.framework.CglibAopProxy$CglibMethodInvocation.proceed(CglibAopProxy.java:763)
	at org.springframework.aop.framework.CglibAopProxy$DynamicAdvisedInterceptor.intercept(CglibAopProxy.java:708)
	at cn.bugstack.infrastructure.persistent.repository.StrategyRepository$$EnhancerBySpringCGLIB$$dbf4c583.getRateRange(<generated>)
	at cn.bugstack.domain.strategy.service.armory.StrategyArmoryDispatch.getRandomAwardId(StrategyArmoryDispatch.java:142)
	at cn.bugstack.domain.strategy.service.rule.chain.impl.DefaultLogicChain.logic(DefaultLogicChain.java:25)
	at cn.bugstack.domain.strategy.service.raffle.DefaultRaffleStrategy.raffleLogicChain(DefaultRaffleStrategy.java:35)
	at cn.bugstack.domain.strategy.service.AbstractRaffleStrategy.performRaffle(AbstractRaffleStrategy.java:46)
	at cn.bugstack.trigger.http.RaffleActivityController.draw(RaffleActivityController.java:123)
	at sun.reflect.NativeMethodAccessorImpl.invoke0(Native Method)
	at sun.reflect.NativeMethodAccessorImpl.invoke(NativeMethodAccessorImpl.java:62)
	at sun.reflect.DelegatingMethodAccessorImpl.invoke(DelegatingMethodAccessorImpl.java:43)
	at java.lang.reflect.Method.invoke(Method.java:498)
	at org.springframework.web.method.support.InvocableHandlerMethod.doInvoke(InvocableHandlerMethod.java:205)
	at org.springframework.web.method.support.InvocableHandlerMethod.invokeForRequest(InvocableHandlerMethod.java:150)
	at org.springframework.web.servlet.mvc.method.annotation.ServletInvocableHandlerMethod.invokeAndHandle(ServletInvocableHandlerMethod.java:117)
	at org.springframework.web.servlet.mvc.method.annotation.RequestMappingHandlerAdapter.invokeHandlerMethod(RequestMappingHandlerAdapter.java:895)
	at org.springframework.web.servlet.mvc.method.annotation.RequestMappingHandlerAdapter.handleInternal(RequestMappingHandlerAdapter.java:808)
	at org.springframework.web.servlet.mvc.method.AbstractHandlerMethodAdapter.handle(AbstractHandlerMethodAdapter.java:87)
	at org.springframework.web.servlet.DispatcherServlet.doDispatch(DispatcherServlet.java:1072)
	at org.springframework.web.servlet.DispatcherServlet.doService(DispatcherServlet.java:965)
	at org.springframework.web.servlet.FrameworkServlet.processRequest(FrameworkServlet.java:1006)
	at org.springframework.web.servlet.FrameworkServlet.doPost(FrameworkServlet.java:909)
	at javax.servlet.http.HttpServlet.service(HttpServlet.java:555)
	at org.springframework.web.servlet.FrameworkServlet.service(FrameworkServlet.java:883)
	at javax.servlet.http.HttpServlet.service(HttpServlet.java:623)
	at org.apache.catalina.core.ApplicationFilterChain.internalDoFilter(ApplicationFilterChain.java:209)
	at org.apache.catalina.core.ApplicationFilterChain.doFilter(ApplicationFilterChain.java:153)
	at org.apache.tomcat.websocket.server.WsFilter.doFilter(WsFilter.java:51)
	at org.apache.catalina.core.ApplicationFilterChain.internalDoFilter(ApplicationFilterChain.java:178)
	at org.apache.catalina.core.ApplicationFilterChain.doFilter(ApplicationFilterChain.java:153)
	at org.springframework.web.filter.RequestContextFilter.doFilterInternal(RequestContextFilter.java:100)
	at org.springframework.web.filter.OncePerRequestFilter.doFilter(OncePerRequestFilter.java:117)
	at org.apache.catalina.core.ApplicationFilterChain.internalDoFilter(ApplicationFilterChain.java:178)
	at org.apache.catalina.core.ApplicationFilterChain.doFilter(ApplicationFilterChain.java:153)
	at org.springframework.web.filter.FormContentFilter.doFilterInternal(FormContentFilter.java:93)
	at org.springframework.web.filter.OncePerRequestFilter.doFilter(OncePerRequestFilter.java:117)
	at org.apache.catalina.core.ApplicationFilterChain.internalDoFilter(ApplicationFilterChain.java:178)
	at org.apache.catalina.core.ApplicationFilterChain.doFilter(ApplicationFilterChain.java:153)
	at org.springframework.boot.actuate.metrics.web.servlet.WebMvcMetricsFilter.doFilterInternal(WebMvcMetricsFilter.java:96)
	at org.springframework.web.filter.OncePerRequestFilter.doFilter(OncePerRequestFilter.java:117)
	at org.apache.catalina.core.ApplicationFilterChain.internalDoFilter(ApplicationFilterChain.java:178)
	at org.apache.catalina.core.ApplicationFilterChain.doFilter(ApplicationFilterChain.java:153)
	at org.springframework.web.filter.CharacterEncodingFilter.doFilterInternal(CharacterEncodingFilter.java:201)
	at org.springframework.web.filter.OncePerRequestFilter.doFilter(OncePerRequestFilter.java:117)
	at org.apache.catalina.core.ApplicationFilterChain.internalDoFilter(ApplicationFilterChain.java:178)
	at org.apache.catalina.core.ApplicationFilterChain.doFilter(ApplicationFilterChain.java:153)
	at org.apache.catalina.core.StandardWrapperValve.invoke(StandardWrapperValve.java:167)
	at org.apache.catalina.core.StandardContextValve.invoke(StandardContextValve.java:90)
	at org.apache.catalina.authenticator.AuthenticatorBase.invoke(AuthenticatorBase.java:481)
	at org.apache.catalina.core.StandardHostValve.invoke(StandardHostValve.java:130)
	at org.apache.catalina.valves.ErrorReportValve.invoke(ErrorReportValve.java:93)
	at org.apache.catalina.core.StandardEngineValve.invoke(StandardEngineValve.java:74)
	at org.apache.catalina.connector.CoyoteAdapter.service(CoyoteAdapter.java:343)
	at org.apache.coyote.http11.Http11Processor.service(Http11Processor.java:390)
	at org.apache.coyote.AbstractProcessorLight.process(AbstractProcessorLight.java:63)
	at org.apache.coyote.AbstractProtocol$ConnectionHandler.process(AbstractProtocol.java:926)
	at org.apache.tomcat.util.net.NioEndpoint$SocketProcessor.doRun(NioEndpoint.java:1791)
	at org.apache.tomcat.util.net.SocketProcessorBase.run(SocketProcessorBase.java:52)
	at org.apache.tomcat.util.threads.ThreadPoolExecutor.runWorker(ThreadPoolExecutor.java:1191)
	at org.apache.tomcat.util.threads.ThreadPoolExecutor$Worker.run(ThreadPoolExecutor.java:659)
	at org.apache.tomcat.util.threads.TaskThread$WrappingRunnable.run(TaskThread.java:61)
	at java.lang.Thread.run(Thread.java:748)
25-01-27.15:21:01.150 [main            ] WARN  StartupInfoLogger      - InetAddress.getLocalHost().getHostName() took 5001 milliseconds to respond. Please verify your network configuration (macOS machines may need to add entries to /etc/hosts).
25-01-27.15:21:06.154 [main            ] WARN  ApplicationPid         - ManagementFactory.getRuntimeMXBean().getName() took 5002 milliseconds to respond. This may be due to slow host name resolution. Please verify your network configuration (macOS machines may need to add entries to /etc/hosts).
25-01-27.15:21:09.443 [main            ] WARN  DnsServerAddressStreamProviders - Can not find io.netty.resolver.dns.macos.MacOSDnsServerAddressStreamProvider in the classpath, fallback to system defaults. This may result in incorrect DNS resolutions on MacOS. Check whether you have a dependency on 'io.netty:netty-resolver-dns-native-macos'
25-01-27.15:22:02.776 [http-nio-8091-exec-2] ERROR AwardRepository        - 写入中奖记录，唯一索引冲突 userId: xiaofuge activityId: 100301 awardId: 104
org.springframework.dao.DuplicateKeyException: 
### Error updating database.  Cause: java.sql.SQLIntegrityConstraintViolationException: Duplicate entry '313091076458' for key 'user_award_record_001.uq_order_id'
### The error may exist in file [/Users/carson/Desktop/Microservice/big-market/big-market-app/target/classes/mybatis/mapper/user_award_record_mapper.xml]
### The error may involve cn.bugstack.infrastructure.persistent.dao.IUserAwardRecordDao.insert-Inline
### The error occurred while setting parameters
### SQL: insert into user_award_record_001(             user_id, activity_id, strategy_id, order_id, award_id, award_title, award_time, award_state, create_time, update_time         ) values (                      ?,?,?,?,?,?,?,?,now(),now()                  )
### Cause: java.sql.SQLIntegrityConstraintViolationException: Duplicate entry '313091076458' for key 'user_award_record_001.uq_order_id'
; Duplicate entry '313091076458' for key 'user_award_record_001.uq_order_id'; nested exception is java.sql.SQLIntegrityConstraintViolationException: Duplicate entry '313091076458' for key 'user_award_record_001.uq_order_id'
	at org.springframework.jdbc.support.SQLErrorCodeSQLExceptionTranslator.doTranslate(SQLErrorCodeSQLExceptionTranslator.java:247)
	at org.springframework.jdbc.support.AbstractFallbackSQLExceptionTranslator.translate(AbstractFallbackSQLExceptionTranslator.java:70)
	at org.mybatis.spring.MyBatisExceptionTranslator.translateExceptionIfPossible(MyBatisExceptionTranslator.java:91)
	at org.mybatis.spring.SqlSessionTemplate$SqlSessionInterceptor.invoke(SqlSessionTemplate.java:441)
	at com.sun.proxy.$Proxy108.insert(Unknown Source)
	at org.mybatis.spring.SqlSessionTemplate.insert(SqlSessionTemplate.java:272)
	at org.apache.ibatis.binding.MapperMethod.execute(MapperMethod.java:62)
	at org.apache.ibatis.binding.MapperProxy$PlainMethodInvoker.invoke(MapperProxy.java:152)
	at org.apache.ibatis.binding.MapperProxy.invoke(MapperProxy.java:85)
	at com.sun.proxy.$Proxy134.insert(Unknown Source)
	at cn.bugstack.infrastructure.persistent.repository.AwardRepository.lambda$saveUserAwardRecord$0(AwardRepository.java:84)
	at org.springframework.transaction.support.TransactionTemplate.execute(TransactionTemplate.java:140)
	at cn.bugstack.infrastructure.persistent.repository.AwardRepository.saveUserAwardRecord(AwardRepository.java:81)
	at cn.bugstack.infrastructure.persistent.repository.AwardRepository$$FastClassBySpringCGLIB$$f107f346.invoke(<generated>)
	at org.springframework.cglib.proxy.MethodProxy.invoke(MethodProxy.java:218)
	at org.springframework.aop.framework.CglibAopProxy$CglibMethodInvocation.invokeJoinpoint(CglibAopProxy.java:793)
	at org.springframework.aop.framework.ReflectiveMethodInvocation.proceed(ReflectiveMethodInvocation.java:163)
	at org.springframework.aop.framework.CglibAopProxy$CglibMethodInvocation.proceed(CglibAopProxy.java:763)
	at org.springframework.dao.support.PersistenceExceptionTranslationInterceptor.invoke(PersistenceExceptionTranslationInterceptor.java:137)
	at org.springframework.aop.framework.ReflectiveMethodInvocation.proceed(ReflectiveMethodInvocation.java:186)
	at org.springframework.aop.framework.CglibAopProxy$CglibMethodInvocation.proceed(CglibAopProxy.java:763)
	at org.springframework.aop.framework.CglibAopProxy$DynamicAdvisedInterceptor.intercept(CglibAopProxy.java:708)
	at cn.bugstack.infrastructure.persistent.repository.AwardRepository$$EnhancerBySpringCGLIB$$4e6ff15b.saveUserAwardRecord(<generated>)
	at cn.bugstack.domain.award.service.AwardService.saveUserAwardRecord(AwardService.java:45)
	at cn.bugstack.trigger.http.RaffleActivityController.draw(RaffleActivityController.java:130)
	at sun.reflect.NativeMethodAccessorImpl.invoke0(Native Method)
	at sun.reflect.NativeMethodAccessorImpl.invoke(NativeMethodAccessorImpl.java:62)
	at sun.reflect.DelegatingMethodAccessorImpl.invoke(DelegatingMethodAccessorImpl.java:43)
	at java.lang.reflect.Method.invoke(Method.java:498)
	at org.springframework.web.method.support.InvocableHandlerMethod.doInvoke(InvocableHandlerMethod.java:205)
	at org.springframework.web.method.support.InvocableHandlerMethod.invokeForRequest(InvocableHandlerMethod.java:150)
	at org.springframework.web.servlet.mvc.method.annotation.ServletInvocableHandlerMethod.invokeAndHandle(ServletInvocableHandlerMethod.java:117)
	at org.springframework.web.servlet.mvc.method.annotation.RequestMappingHandlerAdapter.invokeHandlerMethod(RequestMappingHandlerAdapter.java:895)
	at org.springframework.web.servlet.mvc.method.annotation.RequestMappingHandlerAdapter.handleInternal(RequestMappingHandlerAdapter.java:808)
	at org.springframework.web.servlet.mvc.method.AbstractHandlerMethodAdapter.handle(AbstractHandlerMethodAdapter.java:87)
	at org.springframework.web.servlet.DispatcherServlet.doDispatch(DispatcherServlet.java:1072)
	at org.springframework.web.servlet.DispatcherServlet.doService(DispatcherServlet.java:965)
	at org.springframework.web.servlet.FrameworkServlet.processRequest(FrameworkServlet.java:1006)
	at org.springframework.web.servlet.FrameworkServlet.doPost(FrameworkServlet.java:909)
	at javax.servlet.http.HttpServlet.service(HttpServlet.java:555)
	at org.springframework.web.servlet.FrameworkServlet.service(FrameworkServlet.java:883)
	at javax.servlet.http.HttpServlet.service(HttpServlet.java:623)
	at org.apache.catalina.core.ApplicationFilterChain.internalDoFilter(ApplicationFilterChain.java:209)
	at org.apache.catalina.core.ApplicationFilterChain.doFilter(ApplicationFilterChain.java:153)
	at org.apache.tomcat.websocket.server.WsFilter.doFilter(WsFilter.java:51)
	at org.apache.catalina.core.ApplicationFilterChain.internalDoFilter(ApplicationFilterChain.java:178)
	at org.apache.catalina.core.ApplicationFilterChain.doFilter(ApplicationFilterChain.java:153)
	at org.springframework.web.filter.RequestContextFilter.doFilterInternal(RequestContextFilter.java:100)
	at org.springframework.web.filter.OncePerRequestFilter.doFilter(OncePerRequestFilter.java:117)
	at org.apache.catalina.core.ApplicationFilterChain.internalDoFilter(ApplicationFilterChain.java:178)
	at org.apache.catalina.core.ApplicationFilterChain.doFilter(ApplicationFilterChain.java:153)
	at org.springframework.web.filter.FormContentFilter.doFilterInternal(FormContentFilter.java:93)
	at org.springframework.web.filter.OncePerRequestFilter.doFilter(OncePerRequestFilter.java:117)
	at org.apache.catalina.core.ApplicationFilterChain.internalDoFilter(ApplicationFilterChain.java:178)
	at org.apache.catalina.core.ApplicationFilterChain.doFilter(ApplicationFilterChain.java:153)
	at org.springframework.boot.actuate.metrics.web.servlet.WebMvcMetricsFilter.doFilterInternal(WebMvcMetricsFilter.java:96)
	at org.springframework.web.filter.OncePerRequestFilter.doFilter(OncePerRequestFilter.java:117)
	at org.apache.catalina.core.ApplicationFilterChain.internalDoFilter(ApplicationFilterChain.java:178)
	at org.apache.catalina.core.ApplicationFilterChain.doFilter(ApplicationFilterChain.java:153)
	at org.springframework.web.filter.CharacterEncodingFilter.doFilterInternal(CharacterEncodingFilter.java:201)
	at org.springframework.web.filter.OncePerRequestFilter.doFilter(OncePerRequestFilter.java:117)
	at org.apache.catalina.core.ApplicationFilterChain.internalDoFilter(ApplicationFilterChain.java:178)
	at org.apache.catalina.core.ApplicationFilterChain.doFilter(ApplicationFilterChain.java:153)
	at org.apache.catalina.core.StandardWrapperValve.invoke(StandardWrapperValve.java:167)
	at org.apache.catalina.core.StandardContextValve.invoke(StandardContextValve.java:90)
	at org.apache.catalina.authenticator.AuthenticatorBase.invoke(AuthenticatorBase.java:481)
	at org.apache.catalina.core.StandardHostValve.invoke(StandardHostValve.java:130)
	at org.apache.catalina.valves.ErrorReportValve.invoke(ErrorReportValve.java:93)
	at org.apache.catalina.core.StandardEngineValve.invoke(StandardEngineValve.java:74)
	at org.apache.catalina.connector.CoyoteAdapter.service(CoyoteAdapter.java:343)
	at org.apache.coyote.http11.Http11Processor.service(Http11Processor.java:390)
	at org.apache.coyote.AbstractProcessorLight.process(AbstractProcessorLight.java:63)
	at org.apache.coyote.AbstractProtocol$ConnectionHandler.process(AbstractProtocol.java:926)
	at org.apache.tomcat.util.net.NioEndpoint$SocketProcessor.doRun(NioEndpoint.java:1791)
	at org.apache.tomcat.util.net.SocketProcessorBase.run(SocketProcessorBase.java:52)
	at org.apache.tomcat.util.threads.ThreadPoolExecutor.runWorker(ThreadPoolExecutor.java:1191)
	at org.apache.tomcat.util.threads.ThreadPoolExecutor$Worker.run(ThreadPoolExecutor.java:659)
	at org.apache.tomcat.util.threads.TaskThread$WrappingRunnable.run(TaskThread.java:61)
	at java.lang.Thread.run(Thread.java:748)
Caused by: java.sql.SQLIntegrityConstraintViolationException: Duplicate entry '313091076458' for key 'user_award_record_001.uq_order_id'
	at com.mysql.cj.jdbc.exceptions.SQLError.createSQLException(SQLError.java:117)
	at com.mysql.cj.jdbc.exceptions.SQLError.createSQLException(SQLError.java:97)
	at com.mysql.cj.jdbc.exceptions.SQLExceptionsMapping.translateException(SQLExceptionsMapping.java:122)
	at com.mysql.cj.jdbc.ClientPreparedStatement.executeInternal(ClientPreparedStatement.java:953)
	at com.mysql.cj.jdbc.ClientPreparedStatement.execute(ClientPreparedStatement.java:370)
	at com.zaxxer.hikari.pool.ProxyPreparedStatement.execute(ProxyPreparedStatement.java:44)
	at com.zaxxer.hikari.pool.HikariProxyPreparedStatement.execute(HikariProxyPreparedStatement.java)
	at org.apache.ibatis.executor.statement.PreparedStatementHandler.update(PreparedStatementHandler.java:47)
	at org.apache.ibatis.executor.statement.RoutingStatementHandler.update(RoutingStatementHandler.java:74)
	at sun.reflect.NativeMethodAccessorImpl.invoke0(Native Method)
	at sun.reflect.NativeMethodAccessorImpl.invoke(NativeMethodAccessorImpl.java:62)
	at sun.reflect.DelegatingMethodAccessorImpl.invoke(DelegatingMethodAccessorImpl.java:43)
	at java.lang.reflect.Method.invoke(Method.java:498)
	at org.apache.ibatis.plugin.Plugin.invoke(Plugin.java:63)
	at com.sun.proxy.$Proxy181.update(Unknown Source)
	at org.apache.ibatis.executor.SimpleExecutor.doUpdate(SimpleExecutor.java:50)
	at org.apache.ibatis.executor.BaseExecutor.update(BaseExecutor.java:117)
	at org.apache.ibatis.executor.CachingExecutor.update(CachingExecutor.java:76)
	at org.apache.ibatis.session.defaults.DefaultSqlSession.update(DefaultSqlSession.java:197)
	at org.apache.ibatis.session.defaults.DefaultSqlSession.insert(DefaultSqlSession.java:184)
	at sun.reflect.NativeMethodAccessorImpl.invoke0(Native Method)
	at sun.reflect.NativeMethodAccessorImpl.invoke(NativeMethodAccessorImpl.java:62)
	at sun.reflect.DelegatingMethodAccessorImpl.invoke(DelegatingMethodAccessorImpl.java:43)
	at java.lang.reflect.Method.invoke(Method.java:498)
	at org.mybatis.spring.SqlSessionTemplate$SqlSessionInterceptor.invoke(SqlSessionTemplate.java:427)
	... 75 common frames omitted
25-01-27.15:22:02.793 [http-nio-8091-exec-2] ERROR RaffleActivityController - 活动抽奖失败 userId:xiaofuge activityId:100301
cn.bugstack.types.exception.AppException: null
	at cn.bugstack.infrastructure.persistent.repository.AwardRepository.lambda$saveUserAwardRecord$0(AwardRepository.java:99)
	at org.springframework.transaction.support.TransactionTemplate.execute(TransactionTemplate.java:140)
	at cn.bugstack.infrastructure.persistent.repository.AwardRepository.saveUserAwardRecord(AwardRepository.java:81)
	at cn.bugstack.infrastructure.persistent.repository.AwardRepository$$FastClassBySpringCGLIB$$f107f346.invoke(<generated>)
	at org.springframework.cglib.proxy.MethodProxy.invoke(MethodProxy.java:218)
	at org.springframework.aop.framework.CglibAopProxy$CglibMethodInvocation.invokeJoinpoint(CglibAopProxy.java:793)
	at org.springframework.aop.framework.ReflectiveMethodInvocation.proceed(ReflectiveMethodInvocation.java:163)
	at org.springframework.aop.framework.CglibAopProxy$CglibMethodInvocation.proceed(CglibAopProxy.java:763)
	at org.springframework.dao.support.PersistenceExceptionTranslationInterceptor.invoke(PersistenceExceptionTranslationInterceptor.java:137)
	at org.springframework.aop.framework.ReflectiveMethodInvocation.proceed(ReflectiveMethodInvocation.java:186)
	at org.springframework.aop.framework.CglibAopProxy$CglibMethodInvocation.proceed(CglibAopProxy.java:763)
	at org.springframework.aop.framework.CglibAopProxy$DynamicAdvisedInterceptor.intercept(CglibAopProxy.java:708)
	at cn.bugstack.infrastructure.persistent.repository.AwardRepository$$EnhancerBySpringCGLIB$$4e6ff15b.saveUserAwardRecord(<generated>)
	at cn.bugstack.domain.award.service.AwardService.saveUserAwardRecord(AwardService.java:45)
	at cn.bugstack.trigger.http.RaffleActivityController.draw(RaffleActivityController.java:130)
	at sun.reflect.NativeMethodAccessorImpl.invoke0(Native Method)
	at sun.reflect.NativeMethodAccessorImpl.invoke(NativeMethodAccessorImpl.java:62)
	at sun.reflect.DelegatingMethodAccessorImpl.invoke(DelegatingMethodAccessorImpl.java:43)
	at java.lang.reflect.Method.invoke(Method.java:498)
	at org.springframework.web.method.support.InvocableHandlerMethod.doInvoke(InvocableHandlerMethod.java:205)
	at org.springframework.web.method.support.InvocableHandlerMethod.invokeForRequest(InvocableHandlerMethod.java:150)
	at org.springframework.web.servlet.mvc.method.annotation.ServletInvocableHandlerMethod.invokeAndHandle(ServletInvocableHandlerMethod.java:117)
	at org.springframework.web.servlet.mvc.method.annotation.RequestMappingHandlerAdapter.invokeHandlerMethod(RequestMappingHandlerAdapter.java:895)
	at org.springframework.web.servlet.mvc.method.annotation.RequestMappingHandlerAdapter.handleInternal(RequestMappingHandlerAdapter.java:808)
	at org.springframework.web.servlet.mvc.method.AbstractHandlerMethodAdapter.handle(AbstractHandlerMethodAdapter.java:87)
	at org.springframework.web.servlet.DispatcherServlet.doDispatch(DispatcherServlet.java:1072)
	at org.springframework.web.servlet.DispatcherServlet.doService(DispatcherServlet.java:965)
	at org.springframework.web.servlet.FrameworkServlet.processRequest(FrameworkServlet.java:1006)
	at org.springframework.web.servlet.FrameworkServlet.doPost(FrameworkServlet.java:909)
	at javax.servlet.http.HttpServlet.service(HttpServlet.java:555)
	at org.springframework.web.servlet.FrameworkServlet.service(FrameworkServlet.java:883)
	at javax.servlet.http.HttpServlet.service(HttpServlet.java:623)
	at org.apache.catalina.core.ApplicationFilterChain.internalDoFilter(ApplicationFilterChain.java:209)
	at org.apache.catalina.core.ApplicationFilterChain.doFilter(ApplicationFilterChain.java:153)
	at org.apache.tomcat.websocket.server.WsFilter.doFilter(WsFilter.java:51)
	at org.apache.catalina.core.ApplicationFilterChain.internalDoFilter(ApplicationFilterChain.java:178)
	at org.apache.catalina.core.ApplicationFilterChain.doFilter(ApplicationFilterChain.java:153)
	at org.springframework.web.filter.RequestContextFilter.doFilterInternal(RequestContextFilter.java:100)
	at org.springframework.web.filter.OncePerRequestFilter.doFilter(OncePerRequestFilter.java:117)
	at org.apache.catalina.core.ApplicationFilterChain.internalDoFilter(ApplicationFilterChain.java:178)
	at org.apache.catalina.core.ApplicationFilterChain.doFilter(ApplicationFilterChain.java:153)
	at org.springframework.web.filter.FormContentFilter.doFilterInternal(FormContentFilter.java:93)
	at org.springframework.web.filter.OncePerRequestFilter.doFilter(OncePerRequestFilter.java:117)
	at org.apache.catalina.core.ApplicationFilterChain.internalDoFilter(ApplicationFilterChain.java:178)
	at org.apache.catalina.core.ApplicationFilterChain.doFilter(ApplicationFilterChain.java:153)
	at org.springframework.boot.actuate.metrics.web.servlet.WebMvcMetricsFilter.doFilterInternal(WebMvcMetricsFilter.java:96)
	at org.springframework.web.filter.OncePerRequestFilter.doFilter(OncePerRequestFilter.java:117)
	at org.apache.catalina.core.ApplicationFilterChain.internalDoFilter(ApplicationFilterChain.java:178)
	at org.apache.catalina.core.ApplicationFilterChain.doFilter(ApplicationFilterChain.java:153)
	at org.springframework.web.filter.CharacterEncodingFilter.doFilterInternal(CharacterEncodingFilter.java:201)
	at org.springframework.web.filter.OncePerRequestFilter.doFilter(OncePerRequestFilter.java:117)
	at org.apache.catalina.core.ApplicationFilterChain.internalDoFilter(ApplicationFilterChain.java:178)
	at org.apache.catalina.core.ApplicationFilterChain.doFilter(ApplicationFilterChain.java:153)
	at org.apache.catalina.core.StandardWrapperValve.invoke(StandardWrapperValve.java:167)
	at org.apache.catalina.core.StandardContextValve.invoke(StandardContextValve.java:90)
	at org.apache.catalina.authenticator.AuthenticatorBase.invoke(AuthenticatorBase.java:481)
	at org.apache.catalina.core.StandardHostValve.invoke(StandardHostValve.java:130)
	at org.apache.catalina.valves.ErrorReportValve.invoke(ErrorReportValve.java:93)
	at org.apache.catalina.core.StandardEngineValve.invoke(StandardEngineValve.java:74)
	at org.apache.catalina.connector.CoyoteAdapter.service(CoyoteAdapter.java:343)
	at org.apache.coyote.http11.Http11Processor.service(Http11Processor.java:390)
	at org.apache.coyote.AbstractProcessorLight.process(AbstractProcessorLight.java:63)
	at org.apache.coyote.AbstractProtocol$ConnectionHandler.process(AbstractProtocol.java:926)
	at org.apache.tomcat.util.net.NioEndpoint$SocketProcessor.doRun(NioEndpoint.java:1791)
	at org.apache.tomcat.util.net.SocketProcessorBase.run(SocketProcessorBase.java:52)
	at org.apache.tomcat.util.threads.ThreadPoolExecutor.runWorker(ThreadPoolExecutor.java:1191)
	at org.apache.tomcat.util.threads.ThreadPoolExecutor$Worker.run(ThreadPoolExecutor.java:659)
	at org.apache.tomcat.util.threads.TaskThread$WrappingRunnable.run(TaskThread.java:61)
	at java.lang.Thread.run(Thread.java:748)
Caused by: org.springframework.dao.DuplicateKeyException: 
### Error updating database.  Cause: java.sql.SQLIntegrityConstraintViolationException: Duplicate entry '313091076458' for key 'user_award_record_001.uq_order_id'
### The error may exist in file [/Users/carson/Desktop/Microservice/big-market/big-market-app/target/classes/mybatis/mapper/user_award_record_mapper.xml]
### The error may involve cn.bugstack.infrastructure.persistent.dao.IUserAwardRecordDao.insert-Inline
### The error occurred while setting parameters
### SQL: insert into user_award_record_001(             user_id, activity_id, strategy_id, order_id, award_id, award_title, award_time, award_state, create_time, update_time         ) values (                      ?,?,?,?,?,?,?,?,now(),now()                  )
### Cause: java.sql.SQLIntegrityConstraintViolationException: Duplicate entry '313091076458' for key 'user_award_record_001.uq_order_id'
; Duplicate entry '313091076458' for key 'user_award_record_001.uq_order_id'; nested exception is java.sql.SQLIntegrityConstraintViolationException: Duplicate entry '313091076458' for key 'user_award_record_001.uq_order_id'
	at org.springframework.jdbc.support.SQLErrorCodeSQLExceptionTranslator.doTranslate(SQLErrorCodeSQLExceptionTranslator.java:247)
	at org.springframework.jdbc.support.AbstractFallbackSQLExceptionTranslator.translate(AbstractFallbackSQLExceptionTranslator.java:70)
	at org.mybatis.spring.MyBatisExceptionTranslator.translateExceptionIfPossible(MyBatisExceptionTranslator.java:91)
	at org.mybatis.spring.SqlSessionTemplate$SqlSessionInterceptor.invoke(SqlSessionTemplate.java:441)
	at com.sun.proxy.$Proxy108.insert(Unknown Source)
	at org.mybatis.spring.SqlSessionTemplate.insert(SqlSessionTemplate.java:272)
	at org.apache.ibatis.binding.MapperMethod.execute(MapperMethod.java:62)
	at org.apache.ibatis.binding.MapperProxy$PlainMethodInvoker.invoke(MapperProxy.java:152)
	at org.apache.ibatis.binding.MapperProxy.invoke(MapperProxy.java:85)
	at com.sun.proxy.$Proxy134.insert(Unknown Source)
	at cn.bugstack.infrastructure.persistent.repository.AwardRepository.lambda$saveUserAwardRecord$0(AwardRepository.java:84)
	... 68 common frames omitted
Caused by: java.sql.SQLIntegrityConstraintViolationException: Duplicate entry '313091076458' for key 'user_award_record_001.uq_order_id'
	at com.mysql.cj.jdbc.exceptions.SQLError.createSQLException(SQLError.java:117)
	at com.mysql.cj.jdbc.exceptions.SQLError.createSQLException(SQLError.java:97)
	at com.mysql.cj.jdbc.exceptions.SQLExceptionsMapping.translateException(SQLExceptionsMapping.java:122)
	at com.mysql.cj.jdbc.ClientPreparedStatement.executeInternal(ClientPreparedStatement.java:953)
	at com.mysql.cj.jdbc.ClientPreparedStatement.execute(ClientPreparedStatement.java:370)
	at com.zaxxer.hikari.pool.ProxyPreparedStatement.execute(ProxyPreparedStatement.java:44)
	at com.zaxxer.hikari.pool.HikariProxyPreparedStatement.execute(HikariProxyPreparedStatement.java)
	at org.apache.ibatis.executor.statement.PreparedStatementHandler.update(PreparedStatementHandler.java:47)
	at org.apache.ibatis.executor.statement.RoutingStatementHandler.update(RoutingStatementHandler.java:74)
	at sun.reflect.NativeMethodAccessorImpl.invoke0(Native Method)
	at sun.reflect.NativeMethodAccessorImpl.invoke(NativeMethodAccessorImpl.java:62)
	at sun.reflect.DelegatingMethodAccessorImpl.invoke(DelegatingMethodAccessorImpl.java:43)
	at java.lang.reflect.Method.invoke(Method.java:498)
	at org.apache.ibatis.plugin.Plugin.invoke(Plugin.java:63)
	at com.sun.proxy.$Proxy181.update(Unknown Source)
	at org.apache.ibatis.executor.SimpleExecutor.doUpdate(SimpleExecutor.java:50)
	at org.apache.ibatis.executor.BaseExecutor.update(BaseExecutor.java:117)
	at org.apache.ibatis.executor.CachingExecutor.update(CachingExecutor.java:76)
	at org.apache.ibatis.session.defaults.DefaultSqlSession.update(DefaultSqlSession.java:197)
	at org.apache.ibatis.session.defaults.DefaultSqlSession.insert(DefaultSqlSession.java:184)
	at sun.reflect.NativeMethodAccessorImpl.invoke0(Native Method)
	at sun.reflect.NativeMethodAccessorImpl.invoke(NativeMethodAccessorImpl.java:62)
	at sun.reflect.DelegatingMethodAccessorImpl.invoke(DelegatingMethodAccessorImpl.java:43)
	at java.lang.reflect.Method.invoke(Method.java:498)
	at org.mybatis.spring.SqlSessionTemplate$SqlSessionInterceptor.invoke(SqlSessionTemplate.java:427)
	... 75 common frames omitted
25-01-27.15:23:19.657 [http-nio-8091-exec-5] ERROR AwardRepository        - 写入中奖记录，唯一索引冲突 userId: xiaofuge activityId: 100301 awardId: 101
org.springframework.dao.DuplicateKeyException: 
### Error updating database.  Cause: java.sql.SQLIntegrityConstraintViolationException: Duplicate entry '313091076458' for key 'user_award_record_001.uq_order_id'
### The error may exist in file [/Users/carson/Desktop/Microservice/big-market/big-market-app/target/classes/mybatis/mapper/user_award_record_mapper.xml]
### The error may involve cn.bugstack.infrastructure.persistent.dao.IUserAwardRecordDao.insert-Inline
### The error occurred while setting parameters
### SQL: insert into user_award_record_001(             user_id, activity_id, strategy_id, order_id, award_id, award_title, award_time, award_state, create_time, update_time         ) values (                      ?,?,?,?,?,?,?,?,now(),now()                  )
### Cause: java.sql.SQLIntegrityConstraintViolationException: Duplicate entry '313091076458' for key 'user_award_record_001.uq_order_id'
; Duplicate entry '313091076458' for key 'user_award_record_001.uq_order_id'; nested exception is java.sql.SQLIntegrityConstraintViolationException: Duplicate entry '313091076458' for key 'user_award_record_001.uq_order_id'
	at org.springframework.jdbc.support.SQLErrorCodeSQLExceptionTranslator.doTranslate(SQLErrorCodeSQLExceptionTranslator.java:247)
	at org.springframework.jdbc.support.AbstractFallbackSQLExceptionTranslator.translate(AbstractFallbackSQLExceptionTranslator.java:70)
	at org.mybatis.spring.MyBatisExceptionTranslator.translateExceptionIfPossible(MyBatisExceptionTranslator.java:91)
	at org.mybatis.spring.SqlSessionTemplate$SqlSessionInterceptor.invoke(SqlSessionTemplate.java:441)
	at com.sun.proxy.$Proxy108.insert(Unknown Source)
	at org.mybatis.spring.SqlSessionTemplate.insert(SqlSessionTemplate.java:272)
	at org.apache.ibatis.binding.MapperMethod.execute(MapperMethod.java:62)
	at org.apache.ibatis.binding.MapperProxy$PlainMethodInvoker.invoke(MapperProxy.java:152)
	at org.apache.ibatis.binding.MapperProxy.invoke(MapperProxy.java:85)
	at com.sun.proxy.$Proxy134.insert(Unknown Source)
	at cn.bugstack.infrastructure.persistent.repository.AwardRepository.lambda$saveUserAwardRecord$0(AwardRepository.java:84)
	at org.springframework.transaction.support.TransactionTemplate.execute(TransactionTemplate.java:140)
	at cn.bugstack.infrastructure.persistent.repository.AwardRepository.saveUserAwardRecord(AwardRepository.java:81)
	at cn.bugstack.infrastructure.persistent.repository.AwardRepository$$FastClassBySpringCGLIB$$f107f346.invoke(<generated>)
	at org.springframework.cglib.proxy.MethodProxy.invoke(MethodProxy.java:218)
	at org.springframework.aop.framework.CglibAopProxy$CglibMethodInvocation.invokeJoinpoint(CglibAopProxy.java:793)
	at org.springframework.aop.framework.ReflectiveMethodInvocation.proceed(ReflectiveMethodInvocation.java:163)
	at org.springframework.aop.framework.CglibAopProxy$CglibMethodInvocation.proceed(CglibAopProxy.java:763)
	at org.springframework.dao.support.PersistenceExceptionTranslationInterceptor.invoke(PersistenceExceptionTranslationInterceptor.java:137)
	at org.springframework.aop.framework.ReflectiveMethodInvocation.proceed(ReflectiveMethodInvocation.java:186)
	at org.springframework.aop.framework.CglibAopProxy$CglibMethodInvocation.proceed(CglibAopProxy.java:763)
	at org.springframework.aop.framework.CglibAopProxy$DynamicAdvisedInterceptor.intercept(CglibAopProxy.java:708)
	at cn.bugstack.infrastructure.persistent.repository.AwardRepository$$EnhancerBySpringCGLIB$$4e6ff15b.saveUserAwardRecord(<generated>)
	at cn.bugstack.domain.award.service.AwardService.saveUserAwardRecord(AwardService.java:45)
	at cn.bugstack.trigger.http.RaffleActivityController.draw(RaffleActivityController.java:130)
	at sun.reflect.NativeMethodAccessorImpl.invoke0(Native Method)
	at sun.reflect.NativeMethodAccessorImpl.invoke(NativeMethodAccessorImpl.java:62)
	at sun.reflect.DelegatingMethodAccessorImpl.invoke(DelegatingMethodAccessorImpl.java:43)
	at java.lang.reflect.Method.invoke(Method.java:498)
	at org.springframework.web.method.support.InvocableHandlerMethod.doInvoke(InvocableHandlerMethod.java:205)
	at org.springframework.web.method.support.InvocableHandlerMethod.invokeForRequest(InvocableHandlerMethod.java:150)
	at org.springframework.web.servlet.mvc.method.annotation.ServletInvocableHandlerMethod.invokeAndHandle(ServletInvocableHandlerMethod.java:117)
	at org.springframework.web.servlet.mvc.method.annotation.RequestMappingHandlerAdapter.invokeHandlerMethod(RequestMappingHandlerAdapter.java:895)
	at org.springframework.web.servlet.mvc.method.annotation.RequestMappingHandlerAdapter.handleInternal(RequestMappingHandlerAdapter.java:808)
	at org.springframework.web.servlet.mvc.method.AbstractHandlerMethodAdapter.handle(AbstractHandlerMethodAdapter.java:87)
	at org.springframework.web.servlet.DispatcherServlet.doDispatch(DispatcherServlet.java:1072)
	at org.springframework.web.servlet.DispatcherServlet.doService(DispatcherServlet.java:965)
	at org.springframework.web.servlet.FrameworkServlet.processRequest(FrameworkServlet.java:1006)
	at org.springframework.web.servlet.FrameworkServlet.doPost(FrameworkServlet.java:909)
	at javax.servlet.http.HttpServlet.service(HttpServlet.java:555)
	at org.springframework.web.servlet.FrameworkServlet.service(FrameworkServlet.java:883)
	at javax.servlet.http.HttpServlet.service(HttpServlet.java:623)
	at org.apache.catalina.core.ApplicationFilterChain.internalDoFilter(ApplicationFilterChain.java:209)
	at org.apache.catalina.core.ApplicationFilterChain.doFilter(ApplicationFilterChain.java:153)
	at org.apache.tomcat.websocket.server.WsFilter.doFilter(WsFilter.java:51)
	at org.apache.catalina.core.ApplicationFilterChain.internalDoFilter(ApplicationFilterChain.java:178)
	at org.apache.catalina.core.ApplicationFilterChain.doFilter(ApplicationFilterChain.java:153)
	at org.springframework.web.filter.RequestContextFilter.doFilterInternal(RequestContextFilter.java:100)
	at org.springframework.web.filter.OncePerRequestFilter.doFilter(OncePerRequestFilter.java:117)
	at org.apache.catalina.core.ApplicationFilterChain.internalDoFilter(ApplicationFilterChain.java:178)
	at org.apache.catalina.core.ApplicationFilterChain.doFilter(ApplicationFilterChain.java:153)
	at org.springframework.web.filter.FormContentFilter.doFilterInternal(FormContentFilter.java:93)
	at org.springframework.web.filter.OncePerRequestFilter.doFilter(OncePerRequestFilter.java:117)
	at org.apache.catalina.core.ApplicationFilterChain.internalDoFilter(ApplicationFilterChain.java:178)
	at org.apache.catalina.core.ApplicationFilterChain.doFilter(ApplicationFilterChain.java:153)
	at org.springframework.boot.actuate.metrics.web.servlet.WebMvcMetricsFilter.doFilterInternal(WebMvcMetricsFilter.java:96)
	at org.springframework.web.filter.OncePerRequestFilter.doFilter(OncePerRequestFilter.java:117)
	at org.apache.catalina.core.ApplicationFilterChain.internalDoFilter(ApplicationFilterChain.java:178)
	at org.apache.catalina.core.ApplicationFilterChain.doFilter(ApplicationFilterChain.java:153)
	at org.springframework.web.filter.CharacterEncodingFilter.doFilterInternal(CharacterEncodingFilter.java:201)
	at org.springframework.web.filter.OncePerRequestFilter.doFilter(OncePerRequestFilter.java:117)
	at org.apache.catalina.core.ApplicationFilterChain.internalDoFilter(ApplicationFilterChain.java:178)
	at org.apache.catalina.core.ApplicationFilterChain.doFilter(ApplicationFilterChain.java:153)
	at org.apache.catalina.core.StandardWrapperValve.invoke(StandardWrapperValve.java:167)
	at org.apache.catalina.core.StandardContextValve.invoke(StandardContextValve.java:90)
	at org.apache.catalina.authenticator.AuthenticatorBase.invoke(AuthenticatorBase.java:481)
	at org.apache.catalina.core.StandardHostValve.invoke(StandardHostValve.java:130)
	at org.apache.catalina.valves.ErrorReportValve.invoke(ErrorReportValve.java:93)
	at org.apache.catalina.core.StandardEngineValve.invoke(StandardEngineValve.java:74)
	at org.apache.catalina.connector.CoyoteAdapter.service(CoyoteAdapter.java:343)
	at org.apache.coyote.http11.Http11Processor.service(Http11Processor.java:390)
	at org.apache.coyote.AbstractProcessorLight.process(AbstractProcessorLight.java:63)
	at org.apache.coyote.AbstractProtocol$ConnectionHandler.process(AbstractProtocol.java:926)
	at org.apache.tomcat.util.net.NioEndpoint$SocketProcessor.doRun(NioEndpoint.java:1791)
	at org.apache.tomcat.util.net.SocketProcessorBase.run(SocketProcessorBase.java:52)
	at org.apache.tomcat.util.threads.ThreadPoolExecutor.runWorker(ThreadPoolExecutor.java:1191)
	at org.apache.tomcat.util.threads.ThreadPoolExecutor$Worker.run(ThreadPoolExecutor.java:659)
	at org.apache.tomcat.util.threads.TaskThread$WrappingRunnable.run(TaskThread.java:61)
	at java.lang.Thread.run(Thread.java:748)
Caused by: java.sql.SQLIntegrityConstraintViolationException: Duplicate entry '313091076458' for key 'user_award_record_001.uq_order_id'
	at com.mysql.cj.jdbc.exceptions.SQLError.createSQLException(SQLError.java:117)
	at com.mysql.cj.jdbc.exceptions.SQLError.createSQLException(SQLError.java:97)
	at com.mysql.cj.jdbc.exceptions.SQLExceptionsMapping.translateException(SQLExceptionsMapping.java:122)
	at com.mysql.cj.jdbc.ClientPreparedStatement.executeInternal(ClientPreparedStatement.java:953)
	at com.mysql.cj.jdbc.ClientPreparedStatement.execute(ClientPreparedStatement.java:370)
	at com.zaxxer.hikari.pool.ProxyPreparedStatement.execute(ProxyPreparedStatement.java:44)
	at com.zaxxer.hikari.pool.HikariProxyPreparedStatement.execute(HikariProxyPreparedStatement.java)
	at org.apache.ibatis.executor.statement.PreparedStatementHandler.update(PreparedStatementHandler.java:47)
	at org.apache.ibatis.executor.statement.RoutingStatementHandler.update(RoutingStatementHandler.java:74)
	at sun.reflect.NativeMethodAccessorImpl.invoke0(Native Method)
	at sun.reflect.NativeMethodAccessorImpl.invoke(NativeMethodAccessorImpl.java:62)
	at sun.reflect.DelegatingMethodAccessorImpl.invoke(DelegatingMethodAccessorImpl.java:43)
	at java.lang.reflect.Method.invoke(Method.java:498)
	at org.apache.ibatis.plugin.Plugin.invoke(Plugin.java:63)
	at com.sun.proxy.$Proxy181.update(Unknown Source)
	at org.apache.ibatis.executor.SimpleExecutor.doUpdate(SimpleExecutor.java:50)
	at org.apache.ibatis.executor.BaseExecutor.update(BaseExecutor.java:117)
	at org.apache.ibatis.executor.CachingExecutor.update(CachingExecutor.java:76)
	at org.apache.ibatis.session.defaults.DefaultSqlSession.update(DefaultSqlSession.java:197)
	at org.apache.ibatis.session.defaults.DefaultSqlSession.insert(DefaultSqlSession.java:184)
	at sun.reflect.NativeMethodAccessorImpl.invoke0(Native Method)
	at sun.reflect.NativeMethodAccessorImpl.invoke(NativeMethodAccessorImpl.java:62)
	at sun.reflect.DelegatingMethodAccessorImpl.invoke(DelegatingMethodAccessorImpl.java:43)
	at java.lang.reflect.Method.invoke(Method.java:498)
	at org.mybatis.spring.SqlSessionTemplate$SqlSessionInterceptor.invoke(SqlSessionTemplate.java:427)
	... 75 common frames omitted
25-01-27.15:23:19.664 [http-nio-8091-exec-5] ERROR RaffleActivityController - 活动抽奖失败 userId:xiaofuge activityId:100301
cn.bugstack.types.exception.AppException: null
	at cn.bugstack.infrastructure.persistent.repository.AwardRepository.lambda$saveUserAwardRecord$0(AwardRepository.java:99)
	at org.springframework.transaction.support.TransactionTemplate.execute(TransactionTemplate.java:140)
	at cn.bugstack.infrastructure.persistent.repository.AwardRepository.saveUserAwardRecord(AwardRepository.java:81)
	at cn.bugstack.infrastructure.persistent.repository.AwardRepository$$FastClassBySpringCGLIB$$f107f346.invoke(<generated>)
	at org.springframework.cglib.proxy.MethodProxy.invoke(MethodProxy.java:218)
	at org.springframework.aop.framework.CglibAopProxy$CglibMethodInvocation.invokeJoinpoint(CglibAopProxy.java:793)
	at org.springframework.aop.framework.ReflectiveMethodInvocation.proceed(ReflectiveMethodInvocation.java:163)
	at org.springframework.aop.framework.CglibAopProxy$CglibMethodInvocation.proceed(CglibAopProxy.java:763)
	at org.springframework.dao.support.PersistenceExceptionTranslationInterceptor.invoke(PersistenceExceptionTranslationInterceptor.java:137)
	at org.springframework.aop.framework.ReflectiveMethodInvocation.proceed(ReflectiveMethodInvocation.java:186)
	at org.springframework.aop.framework.CglibAopProxy$CglibMethodInvocation.proceed(CglibAopProxy.java:763)
	at org.springframework.aop.framework.CglibAopProxy$DynamicAdvisedInterceptor.intercept(CglibAopProxy.java:708)
	at cn.bugstack.infrastructure.persistent.repository.AwardRepository$$EnhancerBySpringCGLIB$$4e6ff15b.saveUserAwardRecord(<generated>)
	at cn.bugstack.domain.award.service.AwardService.saveUserAwardRecord(AwardService.java:45)
	at cn.bugstack.trigger.http.RaffleActivityController.draw(RaffleActivityController.java:130)
	at sun.reflect.NativeMethodAccessorImpl.invoke0(Native Method)
	at sun.reflect.NativeMethodAccessorImpl.invoke(NativeMethodAccessorImpl.java:62)
	at sun.reflect.DelegatingMethodAccessorImpl.invoke(DelegatingMethodAccessorImpl.java:43)
	at java.lang.reflect.Method.invoke(Method.java:498)
	at org.springframework.web.method.support.InvocableHandlerMethod.doInvoke(InvocableHandlerMethod.java:205)
	at org.springframework.web.method.support.InvocableHandlerMethod.invokeForRequest(InvocableHandlerMethod.java:150)
	at org.springframework.web.servlet.mvc.method.annotation.ServletInvocableHandlerMethod.invokeAndHandle(ServletInvocableHandlerMethod.java:117)
	at org.springframework.web.servlet.mvc.method.annotation.RequestMappingHandlerAdapter.invokeHandlerMethod(RequestMappingHandlerAdapter.java:895)
	at org.springframework.web.servlet.mvc.method.annotation.RequestMappingHandlerAdapter.handleInternal(RequestMappingHandlerAdapter.java:808)
	at org.springframework.web.servlet.mvc.method.AbstractHandlerMethodAdapter.handle(AbstractHandlerMethodAdapter.java:87)
	at org.springframework.web.servlet.DispatcherServlet.doDispatch(DispatcherServlet.java:1072)
	at org.springframework.web.servlet.DispatcherServlet.doService(DispatcherServlet.java:965)
	at org.springframework.web.servlet.FrameworkServlet.processRequest(FrameworkServlet.java:1006)
	at org.springframework.web.servlet.FrameworkServlet.doPost(FrameworkServlet.java:909)
	at javax.servlet.http.HttpServlet.service(HttpServlet.java:555)
	at org.springframework.web.servlet.FrameworkServlet.service(FrameworkServlet.java:883)
	at javax.servlet.http.HttpServlet.service(HttpServlet.java:623)
	at org.apache.catalina.core.ApplicationFilterChain.internalDoFilter(ApplicationFilterChain.java:209)
	at org.apache.catalina.core.ApplicationFilterChain.doFilter(ApplicationFilterChain.java:153)
	at org.apache.tomcat.websocket.server.WsFilter.doFilter(WsFilter.java:51)
	at org.apache.catalina.core.ApplicationFilterChain.internalDoFilter(ApplicationFilterChain.java:178)
	at org.apache.catalina.core.ApplicationFilterChain.doFilter(ApplicationFilterChain.java:153)
	at org.springframework.web.filter.RequestContextFilter.doFilterInternal(RequestContextFilter.java:100)
	at org.springframework.web.filter.OncePerRequestFilter.doFilter(OncePerRequestFilter.java:117)
	at org.apache.catalina.core.ApplicationFilterChain.internalDoFilter(ApplicationFilterChain.java:178)
	at org.apache.catalina.core.ApplicationFilterChain.doFilter(ApplicationFilterChain.java:153)
	at org.springframework.web.filter.FormContentFilter.doFilterInternal(FormContentFilter.java:93)
	at org.springframework.web.filter.OncePerRequestFilter.doFilter(OncePerRequestFilter.java:117)
	at org.apache.catalina.core.ApplicationFilterChain.internalDoFilter(ApplicationFilterChain.java:178)
	at org.apache.catalina.core.ApplicationFilterChain.doFilter(ApplicationFilterChain.java:153)
	at org.springframework.boot.actuate.metrics.web.servlet.WebMvcMetricsFilter.doFilterInternal(WebMvcMetricsFilter.java:96)
	at org.springframework.web.filter.OncePerRequestFilter.doFilter(OncePerRequestFilter.java:117)
	at org.apache.catalina.core.ApplicationFilterChain.internalDoFilter(ApplicationFilterChain.java:178)
	at org.apache.catalina.core.ApplicationFilterChain.doFilter(ApplicationFilterChain.java:153)
	at org.springframework.web.filter.CharacterEncodingFilter.doFilterInternal(CharacterEncodingFilter.java:201)
	at org.springframework.web.filter.OncePerRequestFilter.doFilter(OncePerRequestFilter.java:117)
	at org.apache.catalina.core.ApplicationFilterChain.internalDoFilter(ApplicationFilterChain.java:178)
	at org.apache.catalina.core.ApplicationFilterChain.doFilter(ApplicationFilterChain.java:153)
	at org.apache.catalina.core.StandardWrapperValve.invoke(StandardWrapperValve.java:167)
	at org.apache.catalina.core.StandardContextValve.invoke(StandardContextValve.java:90)
	at org.apache.catalina.authenticator.AuthenticatorBase.invoke(AuthenticatorBase.java:481)
	at org.apache.catalina.core.StandardHostValve.invoke(StandardHostValve.java:130)
	at org.apache.catalina.valves.ErrorReportValve.invoke(ErrorReportValve.java:93)
	at org.apache.catalina.core.StandardEngineValve.invoke(StandardEngineValve.java:74)
	at org.apache.catalina.connector.CoyoteAdapter.service(CoyoteAdapter.java:343)
	at org.apache.coyote.http11.Http11Processor.service(Http11Processor.java:390)
	at org.apache.coyote.AbstractProcessorLight.process(AbstractProcessorLight.java:63)
	at org.apache.coyote.AbstractProtocol$ConnectionHandler.process(AbstractProtocol.java:926)
	at org.apache.tomcat.util.net.NioEndpoint$SocketProcessor.doRun(NioEndpoint.java:1791)
	at org.apache.tomcat.util.net.SocketProcessorBase.run(SocketProcessorBase.java:52)
	at org.apache.tomcat.util.threads.ThreadPoolExecutor.runWorker(ThreadPoolExecutor.java:1191)
	at org.apache.tomcat.util.threads.ThreadPoolExecutor$Worker.run(ThreadPoolExecutor.java:659)
	at org.apache.tomcat.util.threads.TaskThread$WrappingRunnable.run(TaskThread.java:61)
	at java.lang.Thread.run(Thread.java:748)
Caused by: org.springframework.dao.DuplicateKeyException: 
### Error updating database.  Cause: java.sql.SQLIntegrityConstraintViolationException: Duplicate entry '313091076458' for key 'user_award_record_001.uq_order_id'
### The error may exist in file [/Users/carson/Desktop/Microservice/big-market/big-market-app/target/classes/mybatis/mapper/user_award_record_mapper.xml]
### The error may involve cn.bugstack.infrastructure.persistent.dao.IUserAwardRecordDao.insert-Inline
### The error occurred while setting parameters
### SQL: insert into user_award_record_001(             user_id, activity_id, strategy_id, order_id, award_id, award_title, award_time, award_state, create_time, update_time         ) values (                      ?,?,?,?,?,?,?,?,now(),now()                  )
### Cause: java.sql.SQLIntegrityConstraintViolationException: Duplicate entry '313091076458' for key 'user_award_record_001.uq_order_id'
; Duplicate entry '313091076458' for key 'user_award_record_001.uq_order_id'; nested exception is java.sql.SQLIntegrityConstraintViolationException: Duplicate entry '313091076458' for key 'user_award_record_001.uq_order_id'
	at org.springframework.jdbc.support.SQLErrorCodeSQLExceptionTranslator.doTranslate(SQLErrorCodeSQLExceptionTranslator.java:247)
	at org.springframework.jdbc.support.AbstractFallbackSQLExceptionTranslator.translate(AbstractFallbackSQLExceptionTranslator.java:70)
	at org.mybatis.spring.MyBatisExceptionTranslator.translateExceptionIfPossible(MyBatisExceptionTranslator.java:91)
	at org.mybatis.spring.SqlSessionTemplate$SqlSessionInterceptor.invoke(SqlSessionTemplate.java:441)
	at com.sun.proxy.$Proxy108.insert(Unknown Source)
	at org.mybatis.spring.SqlSessionTemplate.insert(SqlSessionTemplate.java:272)
	at org.apache.ibatis.binding.MapperMethod.execute(MapperMethod.java:62)
	at org.apache.ibatis.binding.MapperProxy$PlainMethodInvoker.invoke(MapperProxy.java:152)
	at org.apache.ibatis.binding.MapperProxy.invoke(MapperProxy.java:85)
	at com.sun.proxy.$Proxy134.insert(Unknown Source)
	at cn.bugstack.infrastructure.persistent.repository.AwardRepository.lambda$saveUserAwardRecord$0(AwardRepository.java:84)
	... 68 common frames omitted
Caused by: java.sql.SQLIntegrityConstraintViolationException: Duplicate entry '313091076458' for key 'user_award_record_001.uq_order_id'
	at com.mysql.cj.jdbc.exceptions.SQLError.createSQLException(SQLError.java:117)
	at com.mysql.cj.jdbc.exceptions.SQLError.createSQLException(SQLError.java:97)
	at com.mysql.cj.jdbc.exceptions.SQLExceptionsMapping.translateException(SQLExceptionsMapping.java:122)
	at com.mysql.cj.jdbc.ClientPreparedStatement.executeInternal(ClientPreparedStatement.java:953)
	at com.mysql.cj.jdbc.ClientPreparedStatement.execute(ClientPreparedStatement.java:370)
	at com.zaxxer.hikari.pool.ProxyPreparedStatement.execute(ProxyPreparedStatement.java:44)
	at com.zaxxer.hikari.pool.HikariProxyPreparedStatement.execute(HikariProxyPreparedStatement.java)
	at org.apache.ibatis.executor.statement.PreparedStatementHandler.update(PreparedStatementHandler.java:47)
	at org.apache.ibatis.executor.statement.RoutingStatementHandler.update(RoutingStatementHandler.java:74)
	at sun.reflect.NativeMethodAccessorImpl.invoke0(Native Method)
	at sun.reflect.NativeMethodAccessorImpl.invoke(NativeMethodAccessorImpl.java:62)
	at sun.reflect.DelegatingMethodAccessorImpl.invoke(DelegatingMethodAccessorImpl.java:43)
	at java.lang.reflect.Method.invoke(Method.java:498)
	at org.apache.ibatis.plugin.Plugin.invoke(Plugin.java:63)
	at com.sun.proxy.$Proxy181.update(Unknown Source)
	at org.apache.ibatis.executor.SimpleExecutor.doUpdate(SimpleExecutor.java:50)
	at org.apache.ibatis.executor.BaseExecutor.update(BaseExecutor.java:117)
	at org.apache.ibatis.executor.CachingExecutor.update(CachingExecutor.java:76)
	at org.apache.ibatis.session.defaults.DefaultSqlSession.update(DefaultSqlSession.java:197)
	at org.apache.ibatis.session.defaults.DefaultSqlSession.insert(DefaultSqlSession.java:184)
	at sun.reflect.NativeMethodAccessorImpl.invoke0(Native Method)
	at sun.reflect.NativeMethodAccessorImpl.invoke(NativeMethodAccessorImpl.java:62)
	at sun.reflect.DelegatingMethodAccessorImpl.invoke(DelegatingMethodAccessorImpl.java:43)
	at java.lang.reflect.Method.invoke(Method.java:498)
	at org.mybatis.spring.SqlSessionTemplate$SqlSessionInterceptor.invoke(SqlSessionTemplate.java:427)
	... 75 common frames omitted
25-01-27.15:25:16.497 [http-nio-8091-exec-8] ERROR RaffleActivityController - 活动抽奖失败 userId:xiaofuge activityId:100301
cn.bugstack.types.exception.AppException: null
	at cn.bugstack.infrastructure.persistent.repository.StrategyRepository.getRateRange(StrategyRepository.java:132)
	at cn.bugstack.infrastructure.persistent.repository.StrategyRepository.getRateRange(StrategyRepository.java:124)
	at cn.bugstack.infrastructure.persistent.repository.StrategyRepository$$FastClassBySpringCGLIB$$1981c8fe.invoke(<generated>)
	at org.springframework.cglib.proxy.MethodProxy.invoke(MethodProxy.java:218)
	at org.springframework.aop.framework.CglibAopProxy$CglibMethodInvocation.invokeJoinpoint(CglibAopProxy.java:793)
	at org.springframework.aop.framework.ReflectiveMethodInvocation.proceed(ReflectiveMethodInvocation.java:163)
	at org.springframework.aop.framework.CglibAopProxy$CglibMethodInvocation.proceed(CglibAopProxy.java:763)
	at org.springframework.dao.support.PersistenceExceptionTranslationInterceptor.invoke(PersistenceExceptionTranslationInterceptor.java:137)
	at org.springframework.aop.framework.ReflectiveMethodInvocation.proceed(ReflectiveMethodInvocation.java:186)
	at org.springframework.aop.framework.CglibAopProxy$CglibMethodInvocation.proceed(CglibAopProxy.java:763)
	at org.springframework.aop.framework.CglibAopProxy$DynamicAdvisedInterceptor.intercept(CglibAopProxy.java:708)
	at cn.bugstack.infrastructure.persistent.repository.StrategyRepository$$EnhancerBySpringCGLIB$$dbf4c583.getRateRange(<generated>)
	at cn.bugstack.domain.strategy.service.armory.StrategyArmoryDispatch.getRandomAwardId(StrategyArmoryDispatch.java:142)
	at cn.bugstack.domain.strategy.service.rule.chain.impl.DefaultLogicChain.logic(DefaultLogicChain.java:25)
	at cn.bugstack.domain.strategy.service.raffle.DefaultRaffleStrategy.raffleLogicChain(DefaultRaffleStrategy.java:35)
	at cn.bugstack.domain.strategy.service.AbstractRaffleStrategy.performRaffle(AbstractRaffleStrategy.java:46)
	at cn.bugstack.trigger.http.RaffleActivityController.draw(RaffleActivityController.java:115)
	at sun.reflect.NativeMethodAccessorImpl.invoke0(Native Method)
	at sun.reflect.NativeMethodAccessorImpl.invoke(NativeMethodAccessorImpl.java:62)
	at sun.reflect.DelegatingMethodAccessorImpl.invoke(DelegatingMethodAccessorImpl.java:43)
	at java.lang.reflect.Method.invoke(Method.java:498)
	at org.springframework.web.method.support.InvocableHandlerMethod.doInvoke(InvocableHandlerMethod.java:205)
	at org.springframework.web.method.support.InvocableHandlerMethod.invokeForRequest(InvocableHandlerMethod.java:150)
	at org.springframework.web.servlet.mvc.method.annotation.ServletInvocableHandlerMethod.invokeAndHandle(ServletInvocableHandlerMethod.java:117)
	at org.springframework.web.servlet.mvc.method.annotation.RequestMappingHandlerAdapter.invokeHandlerMethod(RequestMappingHandlerAdapter.java:895)
	at org.springframework.web.servlet.mvc.method.annotation.RequestMappingHandlerAdapter.handleInternal(RequestMappingHandlerAdapter.java:808)
	at org.springframework.web.servlet.mvc.method.AbstractHandlerMethodAdapter.handle(AbstractHandlerMethodAdapter.java:87)
	at org.springframework.web.servlet.DispatcherServlet.doDispatch(DispatcherServlet.java:1072)
	at org.springframework.web.servlet.DispatcherServlet.doService(DispatcherServlet.java:965)
	at org.springframework.web.servlet.FrameworkServlet.processRequest(FrameworkServlet.java:1006)
	at org.springframework.web.servlet.FrameworkServlet.doPost(FrameworkServlet.java:909)
	at javax.servlet.http.HttpServlet.service(HttpServlet.java:555)
	at org.springframework.web.servlet.FrameworkServlet.service(FrameworkServlet.java:883)
	at javax.servlet.http.HttpServlet.service(HttpServlet.java:623)
	at org.apache.catalina.core.ApplicationFilterChain.internalDoFilter(ApplicationFilterChain.java:209)
	at org.apache.catalina.core.ApplicationFilterChain.doFilter(ApplicationFilterChain.java:153)
	at org.apache.tomcat.websocket.server.WsFilter.doFilter(WsFilter.java:51)
	at org.apache.catalina.core.ApplicationFilterChain.internalDoFilter(ApplicationFilterChain.java:178)
	at org.apache.catalina.core.ApplicationFilterChain.doFilter(ApplicationFilterChain.java:153)
	at org.springframework.web.filter.RequestContextFilter.doFilterInternal(RequestContextFilter.java:100)
	at org.springframework.web.filter.OncePerRequestFilter.doFilter(OncePerRequestFilter.java:117)
	at org.apache.catalina.core.ApplicationFilterChain.internalDoFilter(ApplicationFilterChain.java:178)
	at org.apache.catalina.core.ApplicationFilterChain.doFilter(ApplicationFilterChain.java:153)
	at org.springframework.web.filter.FormContentFilter.doFilterInternal(FormContentFilter.java:93)
	at org.springframework.web.filter.OncePerRequestFilter.doFilter(OncePerRequestFilter.java:117)
	at org.apache.catalina.core.ApplicationFilterChain.internalDoFilter(ApplicationFilterChain.java:178)
	at org.apache.catalina.core.ApplicationFilterChain.doFilter(ApplicationFilterChain.java:153)
	at org.springframework.boot.actuate.metrics.web.servlet.WebMvcMetricsFilter.doFilterInternal(WebMvcMetricsFilter.java:96)
	at org.springframework.web.filter.OncePerRequestFilter.doFilter(OncePerRequestFilter.java:117)
	at org.apache.catalina.core.ApplicationFilterChain.internalDoFilter(ApplicationFilterChain.java:178)
	at org.apache.catalina.core.ApplicationFilterChain.doFilter(ApplicationFilterChain.java:153)
	at org.springframework.web.filter.CharacterEncodingFilter.doFilterInternal(CharacterEncodingFilter.java:201)
	at org.springframework.web.filter.OncePerRequestFilter.doFilter(OncePerRequestFilter.java:117)
	at org.apache.catalina.core.ApplicationFilterChain.internalDoFilter(ApplicationFilterChain.java:178)
	at org.apache.catalina.core.ApplicationFilterChain.doFilter(ApplicationFilterChain.java:153)
	at org.apache.catalina.core.StandardWrapperValve.invoke(StandardWrapperValve.java:167)
	at org.apache.catalina.core.StandardContextValve.invoke(StandardContextValve.java:90)
	at org.apache.catalina.authenticator.AuthenticatorBase.invoke(AuthenticatorBase.java:481)
	at org.apache.catalina.core.StandardHostValve.invoke(StandardHostValve.java:130)
	at org.apache.catalina.valves.ErrorReportValve.invoke(ErrorReportValve.java:93)
	at org.apache.catalina.core.StandardEngineValve.invoke(StandardEngineValve.java:74)
	at org.apache.catalina.connector.CoyoteAdapter.service(CoyoteAdapter.java:343)
	at org.apache.coyote.http11.Http11Processor.service(Http11Processor.java:390)
	at org.apache.coyote.AbstractProcessorLight.process(AbstractProcessorLight.java:63)
	at org.apache.coyote.AbstractProtocol$ConnectionHandler.process(AbstractProtocol.java:926)
	at org.apache.tomcat.util.net.NioEndpoint$SocketProcessor.doRun(NioEndpoint.java:1791)
	at org.apache.tomcat.util.net.SocketProcessorBase.run(SocketProcessorBase.java:52)
	at org.apache.tomcat.util.threads.ThreadPoolExecutor.runWorker(ThreadPoolExecutor.java:1191)
	at org.apache.tomcat.util.threads.ThreadPoolExecutor$Worker.run(ThreadPoolExecutor.java:659)
	at org.apache.tomcat.util.threads.TaskThread$WrappingRunnable.run(TaskThread.java:61)
	at java.lang.Thread.run(Thread.java:748)
25-01-27.15:25:23.048 [http-nio-8091-exec-9] ERROR RaffleActivityController - 活动抽奖失败 userId:xiaofuge activityId:100301
cn.bugstack.types.exception.AppException: null
	at cn.bugstack.infrastructure.persistent.repository.StrategyRepository.getRateRange(StrategyRepository.java:132)
	at cn.bugstack.infrastructure.persistent.repository.StrategyRepository.getRateRange(StrategyRepository.java:124)
	at cn.bugstack.infrastructure.persistent.repository.StrategyRepository$$FastClassBySpringCGLIB$$1981c8fe.invoke(<generated>)
	at org.springframework.cglib.proxy.MethodProxy.invoke(MethodProxy.java:218)
	at org.springframework.aop.framework.CglibAopProxy$CglibMethodInvocation.invokeJoinpoint(CglibAopProxy.java:793)
	at org.springframework.aop.framework.ReflectiveMethodInvocation.proceed(ReflectiveMethodInvocation.java:163)
	at org.springframework.aop.framework.CglibAopProxy$CglibMethodInvocation.proceed(CglibAopProxy.java:763)
	at org.springframework.dao.support.PersistenceExceptionTranslationInterceptor.invoke(PersistenceExceptionTranslationInterceptor.java:137)
	at org.springframework.aop.framework.ReflectiveMethodInvocation.proceed(ReflectiveMethodInvocation.java:186)
	at org.springframework.aop.framework.CglibAopProxy$CglibMethodInvocation.proceed(CglibAopProxy.java:763)
	at org.springframework.aop.framework.CglibAopProxy$DynamicAdvisedInterceptor.intercept(CglibAopProxy.java:708)
	at cn.bugstack.infrastructure.persistent.repository.StrategyRepository$$EnhancerBySpringCGLIB$$dbf4c583.getRateRange(<generated>)
	at cn.bugstack.domain.strategy.service.armory.StrategyArmoryDispatch.getRandomAwardId(StrategyArmoryDispatch.java:142)
	at cn.bugstack.domain.strategy.service.rule.chain.impl.DefaultLogicChain.logic(DefaultLogicChain.java:25)
	at cn.bugstack.domain.strategy.service.raffle.DefaultRaffleStrategy.raffleLogicChain(DefaultRaffleStrategy.java:35)
	at cn.bugstack.domain.strategy.service.AbstractRaffleStrategy.performRaffle(AbstractRaffleStrategy.java:46)
	at cn.bugstack.trigger.http.RaffleActivityController.draw(RaffleActivityController.java:115)
	at sun.reflect.NativeMethodAccessorImpl.invoke0(Native Method)
	at sun.reflect.NativeMethodAccessorImpl.invoke(NativeMethodAccessorImpl.java:62)
	at sun.reflect.DelegatingMethodAccessorImpl.invoke(DelegatingMethodAccessorImpl.java:43)
	at java.lang.reflect.Method.invoke(Method.java:498)
	at org.springframework.web.method.support.InvocableHandlerMethod.doInvoke(InvocableHandlerMethod.java:205)
	at org.springframework.web.method.support.InvocableHandlerMethod.invokeForRequest(InvocableHandlerMethod.java:150)
	at org.springframework.web.servlet.mvc.method.annotation.ServletInvocableHandlerMethod.invokeAndHandle(ServletInvocableHandlerMethod.java:117)
	at org.springframework.web.servlet.mvc.method.annotation.RequestMappingHandlerAdapter.invokeHandlerMethod(RequestMappingHandlerAdapter.java:895)
	at org.springframework.web.servlet.mvc.method.annotation.RequestMappingHandlerAdapter.handleInternal(RequestMappingHandlerAdapter.java:808)
	at org.springframework.web.servlet.mvc.method.AbstractHandlerMethodAdapter.handle(AbstractHandlerMethodAdapter.java:87)
	at org.springframework.web.servlet.DispatcherServlet.doDispatch(DispatcherServlet.java:1072)
	at org.springframework.web.servlet.DispatcherServlet.doService(DispatcherServlet.java:965)
	at org.springframework.web.servlet.FrameworkServlet.processRequest(FrameworkServlet.java:1006)
	at org.springframework.web.servlet.FrameworkServlet.doPost(FrameworkServlet.java:909)
	at javax.servlet.http.HttpServlet.service(HttpServlet.java:555)
	at org.springframework.web.servlet.FrameworkServlet.service(FrameworkServlet.java:883)
	at javax.servlet.http.HttpServlet.service(HttpServlet.java:623)
	at org.apache.catalina.core.ApplicationFilterChain.internalDoFilter(ApplicationFilterChain.java:209)
	at org.apache.catalina.core.ApplicationFilterChain.doFilter(ApplicationFilterChain.java:153)
	at org.apache.tomcat.websocket.server.WsFilter.doFilter(WsFilter.java:51)
	at org.apache.catalina.core.ApplicationFilterChain.internalDoFilter(ApplicationFilterChain.java:178)
	at org.apache.catalina.core.ApplicationFilterChain.doFilter(ApplicationFilterChain.java:153)
	at org.springframework.web.filter.RequestContextFilter.doFilterInternal(RequestContextFilter.java:100)
	at org.springframework.web.filter.OncePerRequestFilter.doFilter(OncePerRequestFilter.java:117)
	at org.apache.catalina.core.ApplicationFilterChain.internalDoFilter(ApplicationFilterChain.java:178)
	at org.apache.catalina.core.ApplicationFilterChain.doFilter(ApplicationFilterChain.java:153)
	at org.springframework.web.filter.FormContentFilter.doFilterInternal(FormContentFilter.java:93)
	at org.springframework.web.filter.OncePerRequestFilter.doFilter(OncePerRequestFilter.java:117)
	at org.apache.catalina.core.ApplicationFilterChain.internalDoFilter(ApplicationFilterChain.java:178)
	at org.apache.catalina.core.ApplicationFilterChain.doFilter(ApplicationFilterChain.java:153)
	at org.springframework.boot.actuate.metrics.web.servlet.WebMvcMetricsFilter.doFilterInternal(WebMvcMetricsFilter.java:96)
	at org.springframework.web.filter.OncePerRequestFilter.doFilter(OncePerRequestFilter.java:117)
	at org.apache.catalina.core.ApplicationFilterChain.internalDoFilter(ApplicationFilterChain.java:178)
	at org.apache.catalina.core.ApplicationFilterChain.doFilter(ApplicationFilterChain.java:153)
	at org.springframework.web.filter.CharacterEncodingFilter.doFilterInternal(CharacterEncodingFilter.java:201)
	at org.springframework.web.filter.OncePerRequestFilter.doFilter(OncePerRequestFilter.java:117)
	at org.apache.catalina.core.ApplicationFilterChain.internalDoFilter(ApplicationFilterChain.java:178)
	at org.apache.catalina.core.ApplicationFilterChain.doFilter(ApplicationFilterChain.java:153)
	at org.apache.catalina.core.StandardWrapperValve.invoke(StandardWrapperValve.java:167)
	at org.apache.catalina.core.StandardContextValve.invoke(StandardContextValve.java:90)
	at org.apache.catalina.authenticator.AuthenticatorBase.invoke(AuthenticatorBase.java:481)
	at org.apache.catalina.core.StandardHostValve.invoke(StandardHostValve.java:130)
	at org.apache.catalina.valves.ErrorReportValve.invoke(ErrorReportValve.java:93)
	at org.apache.catalina.core.StandardEngineValve.invoke(StandardEngineValve.java:74)
	at org.apache.catalina.connector.CoyoteAdapter.service(CoyoteAdapter.java:343)
	at org.apache.coyote.http11.Http11Processor.service(Http11Processor.java:390)
	at org.apache.coyote.AbstractProcessorLight.process(AbstractProcessorLight.java:63)
	at org.apache.coyote.AbstractProtocol$ConnectionHandler.process(AbstractProtocol.java:926)
	at org.apache.tomcat.util.net.NioEndpoint$SocketProcessor.doRun(NioEndpoint.java:1791)
	at org.apache.tomcat.util.net.SocketProcessorBase.run(SocketProcessorBase.java:52)
	at org.apache.tomcat.util.threads.ThreadPoolExecutor.runWorker(ThreadPoolExecutor.java:1191)
	at org.apache.tomcat.util.threads.ThreadPoolExecutor$Worker.run(ThreadPoolExecutor.java:659)
	at org.apache.tomcat.util.threads.TaskThread$WrappingRunnable.run(TaskThread.java:61)
	at java.lang.Thread.run(Thread.java:748)
25-01-27.15:34:30.035 [main            ] WARN  StartupInfoLogger      - InetAddress.getLocalHost().getHostName() took 5001 milliseconds to respond. Please verify your network configuration (macOS machines may need to add entries to /etc/hosts).
25-01-27.15:34:35.041 [main            ] WARN  ApplicationPid         - ManagementFactory.getRuntimeMXBean().getName() took 5002 milliseconds to respond. This may be due to slow host name resolution. Please verify your network configuration (macOS machines may need to add entries to /etc/hosts).
25-01-27.15:34:38.252 [main            ] WARN  DnsServerAddressStreamProviders - Can not find io.netty.resolver.dns.macos.MacOSDnsServerAddressStreamProvider in the classpath, fallback to system defaults. This may result in incorrect DNS resolutions on MacOS. Check whether you have a dependency on 'io.netty:netty-resolver-dns-native-macos'
25-01-27.15:35:18.833 [http-nio-8091-exec-2] ERROR RaffleActivityController - 活动抽奖失败 userId:xiaofuge activityId:100301
cn.bugstack.types.exception.AppException: null
	at cn.bugstack.infrastructure.persistent.repository.StrategyRepository.getRateRange(StrategyRepository.java:132)
	at cn.bugstack.infrastructure.persistent.repository.StrategyRepository.getRateRange(StrategyRepository.java:124)
	at cn.bugstack.infrastructure.persistent.repository.StrategyRepository$$FastClassBySpringCGLIB$$1981c8fe.invoke(<generated>)
	at org.springframework.cglib.proxy.MethodProxy.invoke(MethodProxy.java:218)
	at org.springframework.aop.framework.CglibAopProxy$CglibMethodInvocation.invokeJoinpoint(CglibAopProxy.java:793)
	at org.springframework.aop.framework.ReflectiveMethodInvocation.proceed(ReflectiveMethodInvocation.java:163)
	at org.springframework.aop.framework.CglibAopProxy$CglibMethodInvocation.proceed(CglibAopProxy.java:763)
	at org.springframework.dao.support.PersistenceExceptionTranslationInterceptor.invoke(PersistenceExceptionTranslationInterceptor.java:137)
	at org.springframework.aop.framework.ReflectiveMethodInvocation.proceed(ReflectiveMethodInvocation.java:186)
	at org.springframework.aop.framework.CglibAopProxy$CglibMethodInvocation.proceed(CglibAopProxy.java:763)
	at org.springframework.aop.framework.CglibAopProxy$DynamicAdvisedInterceptor.intercept(CglibAopProxy.java:708)
	at cn.bugstack.infrastructure.persistent.repository.StrategyRepository$$EnhancerBySpringCGLIB$$dbf4c583.getRateRange(<generated>)
	at cn.bugstack.domain.strategy.service.armory.StrategyArmoryDispatch.getRandomAwardId(StrategyArmoryDispatch.java:142)
	at cn.bugstack.domain.strategy.service.rule.chain.impl.DefaultLogicChain.logic(DefaultLogicChain.java:25)
	at cn.bugstack.domain.strategy.service.raffle.DefaultRaffleStrategy.raffleLogicChain(DefaultRaffleStrategy.java:35)
	at cn.bugstack.domain.strategy.service.AbstractRaffleStrategy.performRaffle(AbstractRaffleStrategy.java:46)
	at cn.bugstack.trigger.http.RaffleActivityController.draw(RaffleActivityController.java:115)
	at sun.reflect.NativeMethodAccessorImpl.invoke0(Native Method)
	at sun.reflect.NativeMethodAccessorImpl.invoke(NativeMethodAccessorImpl.java:62)
	at sun.reflect.DelegatingMethodAccessorImpl.invoke(DelegatingMethodAccessorImpl.java:43)
	at java.lang.reflect.Method.invoke(Method.java:498)
	at org.springframework.web.method.support.InvocableHandlerMethod.doInvoke(InvocableHandlerMethod.java:205)
	at org.springframework.web.method.support.InvocableHandlerMethod.invokeForRequest(InvocableHandlerMethod.java:150)
	at org.springframework.web.servlet.mvc.method.annotation.ServletInvocableHandlerMethod.invokeAndHandle(ServletInvocableHandlerMethod.java:117)
	at org.springframework.web.servlet.mvc.method.annotation.RequestMappingHandlerAdapter.invokeHandlerMethod(RequestMappingHandlerAdapter.java:895)
	at org.springframework.web.servlet.mvc.method.annotation.RequestMappingHandlerAdapter.handleInternal(RequestMappingHandlerAdapter.java:808)
	at org.springframework.web.servlet.mvc.method.AbstractHandlerMethodAdapter.handle(AbstractHandlerMethodAdapter.java:87)
	at org.springframework.web.servlet.DispatcherServlet.doDispatch(DispatcherServlet.java:1072)
	at org.springframework.web.servlet.DispatcherServlet.doService(DispatcherServlet.java:965)
	at org.springframework.web.servlet.FrameworkServlet.processRequest(FrameworkServlet.java:1006)
	at org.springframework.web.servlet.FrameworkServlet.doPost(FrameworkServlet.java:909)
	at javax.servlet.http.HttpServlet.service(HttpServlet.java:555)
	at org.springframework.web.servlet.FrameworkServlet.service(FrameworkServlet.java:883)
	at javax.servlet.http.HttpServlet.service(HttpServlet.java:623)
	at org.apache.catalina.core.ApplicationFilterChain.internalDoFilter(ApplicationFilterChain.java:209)
	at org.apache.catalina.core.ApplicationFilterChain.doFilter(ApplicationFilterChain.java:153)
	at org.apache.tomcat.websocket.server.WsFilter.doFilter(WsFilter.java:51)
	at org.apache.catalina.core.ApplicationFilterChain.internalDoFilter(ApplicationFilterChain.java:178)
	at org.apache.catalina.core.ApplicationFilterChain.doFilter(ApplicationFilterChain.java:153)
	at org.springframework.web.filter.RequestContextFilter.doFilterInternal(RequestContextFilter.java:100)
	at org.springframework.web.filter.OncePerRequestFilter.doFilter(OncePerRequestFilter.java:117)
	at org.apache.catalina.core.ApplicationFilterChain.internalDoFilter(ApplicationFilterChain.java:178)
	at org.apache.catalina.core.ApplicationFilterChain.doFilter(ApplicationFilterChain.java:153)
	at org.springframework.web.filter.FormContentFilter.doFilterInternal(FormContentFilter.java:93)
	at org.springframework.web.filter.OncePerRequestFilter.doFilter(OncePerRequestFilter.java:117)
	at org.apache.catalina.core.ApplicationFilterChain.internalDoFilter(ApplicationFilterChain.java:178)
	at org.apache.catalina.core.ApplicationFilterChain.doFilter(ApplicationFilterChain.java:153)
	at org.springframework.boot.actuate.metrics.web.servlet.WebMvcMetricsFilter.doFilterInternal(WebMvcMetricsFilter.java:96)
	at org.springframework.web.filter.OncePerRequestFilter.doFilter(OncePerRequestFilter.java:117)
	at org.apache.catalina.core.ApplicationFilterChain.internalDoFilter(ApplicationFilterChain.java:178)
	at org.apache.catalina.core.ApplicationFilterChain.doFilter(ApplicationFilterChain.java:153)
	at org.springframework.web.filter.CharacterEncodingFilter.doFilterInternal(CharacterEncodingFilter.java:201)
	at org.springframework.web.filter.OncePerRequestFilter.doFilter(OncePerRequestFilter.java:117)
	at org.apache.catalina.core.ApplicationFilterChain.internalDoFilter(ApplicationFilterChain.java:178)
	at org.apache.catalina.core.ApplicationFilterChain.doFilter(ApplicationFilterChain.java:153)
	at org.apache.catalina.core.StandardWrapperValve.invoke(StandardWrapperValve.java:167)
	at org.apache.catalina.core.StandardContextValve.invoke(StandardContextValve.java:90)
	at org.apache.catalina.authenticator.AuthenticatorBase.invoke(AuthenticatorBase.java:481)
	at org.apache.catalina.core.StandardHostValve.invoke(StandardHostValve.java:130)
	at org.apache.catalina.valves.ErrorReportValve.invoke(ErrorReportValve.java:93)
	at org.apache.catalina.core.StandardEngineValve.invoke(StandardEngineValve.java:74)
	at org.apache.catalina.connector.CoyoteAdapter.service(CoyoteAdapter.java:343)
	at org.apache.coyote.http11.Http11Processor.service(Http11Processor.java:390)
	at org.apache.coyote.AbstractProcessorLight.process(AbstractProcessorLight.java:63)
	at org.apache.coyote.AbstractProtocol$ConnectionHandler.process(AbstractProtocol.java:926)
	at org.apache.tomcat.util.net.NioEndpoint$SocketProcessor.doRun(NioEndpoint.java:1791)
	at org.apache.tomcat.util.net.SocketProcessorBase.run(SocketProcessorBase.java:52)
	at org.apache.tomcat.util.threads.ThreadPoolExecutor.runWorker(ThreadPoolExecutor.java:1191)
	at org.apache.tomcat.util.threads.ThreadPoolExecutor$Worker.run(ThreadPoolExecutor.java:659)
	at org.apache.tomcat.util.threads.TaskThread$WrappingRunnable.run(TaskThread.java:61)
	at java.lang.Thread.run(Thread.java:748)
25-01-27.15:35:26.922 [http-nio-8091-exec-4] ERROR RaffleActivityController - 活动抽奖失败 userId:xiaofuge activityId:100301
java.lang.NullPointerException: null
	at cn.bugstack.domain.strategy.service.rule.tree.impl.RuleLockLogicTreeNode.logic(RuleLockLogicTreeNode.java:35)
	at cn.bugstack.domain.strategy.service.rule.tree.factory.engine.impl.DecisionTreeEngine.process(DecisionTreeEngine.java:47)
	at cn.bugstack.domain.strategy.service.raffle.DefaultRaffleStrategy.raffleLogicTree(DefaultRaffleStrategy.java:58)
	at cn.bugstack.domain.strategy.service.AbstractRaffleStrategy.performRaffle(AbstractRaffleStrategy.java:56)
	at cn.bugstack.trigger.http.RaffleActivityController.draw(RaffleActivityController.java:115)
	at sun.reflect.NativeMethodAccessorImpl.invoke0(Native Method)
	at sun.reflect.NativeMethodAccessorImpl.invoke(NativeMethodAccessorImpl.java:62)
	at sun.reflect.DelegatingMethodAccessorImpl.invoke(DelegatingMethodAccessorImpl.java:43)
	at java.lang.reflect.Method.invoke(Method.java:498)
	at org.springframework.web.method.support.InvocableHandlerMethod.doInvoke(InvocableHandlerMethod.java:205)
	at org.springframework.web.method.support.InvocableHandlerMethod.invokeForRequest(InvocableHandlerMethod.java:150)
	at org.springframework.web.servlet.mvc.method.annotation.ServletInvocableHandlerMethod.invokeAndHandle(ServletInvocableHandlerMethod.java:117)
	at org.springframework.web.servlet.mvc.method.annotation.RequestMappingHandlerAdapter.invokeHandlerMethod(RequestMappingHandlerAdapter.java:895)
	at org.springframework.web.servlet.mvc.method.annotation.RequestMappingHandlerAdapter.handleInternal(RequestMappingHandlerAdapter.java:808)
	at org.springframework.web.servlet.mvc.method.AbstractHandlerMethodAdapter.handle(AbstractHandlerMethodAdapter.java:87)
	at org.springframework.web.servlet.DispatcherServlet.doDispatch(DispatcherServlet.java:1072)
	at org.springframework.web.servlet.DispatcherServlet.doService(DispatcherServlet.java:965)
	at org.springframework.web.servlet.FrameworkServlet.processRequest(FrameworkServlet.java:1006)
	at org.springframework.web.servlet.FrameworkServlet.doPost(FrameworkServlet.java:909)
	at javax.servlet.http.HttpServlet.service(HttpServlet.java:555)
	at org.springframework.web.servlet.FrameworkServlet.service(FrameworkServlet.java:883)
	at javax.servlet.http.HttpServlet.service(HttpServlet.java:623)
	at org.apache.catalina.core.ApplicationFilterChain.internalDoFilter(ApplicationFilterChain.java:209)
	at org.apache.catalina.core.ApplicationFilterChain.doFilter(ApplicationFilterChain.java:153)
	at org.apache.tomcat.websocket.server.WsFilter.doFilter(WsFilter.java:51)
	at org.apache.catalina.core.ApplicationFilterChain.internalDoFilter(ApplicationFilterChain.java:178)
	at org.apache.catalina.core.ApplicationFilterChain.doFilter(ApplicationFilterChain.java:153)
	at org.springframework.web.filter.RequestContextFilter.doFilterInternal(RequestContextFilter.java:100)
	at org.springframework.web.filter.OncePerRequestFilter.doFilter(OncePerRequestFilter.java:117)
	at org.apache.catalina.core.ApplicationFilterChain.internalDoFilter(ApplicationFilterChain.java:178)
	at org.apache.catalina.core.ApplicationFilterChain.doFilter(ApplicationFilterChain.java:153)
	at org.springframework.web.filter.FormContentFilter.doFilterInternal(FormContentFilter.java:93)
	at org.springframework.web.filter.OncePerRequestFilter.doFilter(OncePerRequestFilter.java:117)
	at org.apache.catalina.core.ApplicationFilterChain.internalDoFilter(ApplicationFilterChain.java:178)
	at org.apache.catalina.core.ApplicationFilterChain.doFilter(ApplicationFilterChain.java:153)
	at org.springframework.boot.actuate.metrics.web.servlet.WebMvcMetricsFilter.doFilterInternal(WebMvcMetricsFilter.java:96)
	at org.springframework.web.filter.OncePerRequestFilter.doFilter(OncePerRequestFilter.java:117)
	at org.apache.catalina.core.ApplicationFilterChain.internalDoFilter(ApplicationFilterChain.java:178)
	at org.apache.catalina.core.ApplicationFilterChain.doFilter(ApplicationFilterChain.java:153)
	at org.springframework.web.filter.CharacterEncodingFilter.doFilterInternal(CharacterEncodingFilter.java:201)
	at org.springframework.web.filter.OncePerRequestFilter.doFilter(OncePerRequestFilter.java:117)
	at org.apache.catalina.core.ApplicationFilterChain.internalDoFilter(ApplicationFilterChain.java:178)
	at org.apache.catalina.core.ApplicationFilterChain.doFilter(ApplicationFilterChain.java:153)
	at org.apache.catalina.core.StandardWrapperValve.invoke(StandardWrapperValve.java:167)
	at org.apache.catalina.core.StandardContextValve.invoke(StandardContextValve.java:90)
	at org.apache.catalina.authenticator.AuthenticatorBase.invoke(AuthenticatorBase.java:481)
	at org.apache.catalina.core.StandardHostValve.invoke(StandardHostValve.java:130)
	at org.apache.catalina.valves.ErrorReportValve.invoke(ErrorReportValve.java:93)
	at org.apache.catalina.core.StandardEngineValve.invoke(StandardEngineValve.java:74)
	at org.apache.catalina.connector.CoyoteAdapter.service(CoyoteAdapter.java:343)
	at org.apache.coyote.http11.Http11Processor.service(Http11Processor.java:390)
	at org.apache.coyote.AbstractProcessorLight.process(AbstractProcessorLight.java:63)
	at org.apache.coyote.AbstractProtocol$ConnectionHandler.process(AbstractProtocol.java:926)
	at org.apache.tomcat.util.net.NioEndpoint$SocketProcessor.doRun(NioEndpoint.java:1791)
	at org.apache.tomcat.util.net.SocketProcessorBase.run(SocketProcessorBase.java:52)
	at org.apache.tomcat.util.threads.ThreadPoolExecutor.runWorker(ThreadPoolExecutor.java:1191)
	at org.apache.tomcat.util.threads.ThreadPoolExecutor$Worker.run(ThreadPoolExecutor.java:659)
	at org.apache.tomcat.util.threads.TaskThread$WrappingRunnable.run(TaskThread.java:61)
	at java.lang.Thread.run(Thread.java:748)
25-01-27.15:41:41.244 [main            ] WARN  StartupInfoLogger      - InetAddress.getLocalHost().getHostName() took 5002 milliseconds to respond. Please verify your network configuration (macOS machines may need to add entries to /etc/hosts).
25-01-27.15:41:46.251 [main            ] WARN  ApplicationPid         - ManagementFactory.getRuntimeMXBean().getName() took 5002 milliseconds to respond. This may be due to slow host name resolution. Please verify your network configuration (macOS machines may need to add entries to /etc/hosts).
25-01-27.15:41:49.459 [main            ] WARN  DnsServerAddressStreamProviders - Can not find io.netty.resolver.dns.macos.MacOSDnsServerAddressStreamProvider in the classpath, fallback to system defaults. This may result in incorrect DNS resolutions on MacOS. Check whether you have a dependency on 'io.netty:netty-resolver-dns-native-macos'
25-01-27.15:43:46.459 [http-nio-8091-exec-3] ERROR RaffleActivityController - 活动抽奖失败 userId:xiaofuge activityId:100301
java.lang.NullPointerException: null
	at cn.bugstack.domain.strategy.service.rule.tree.impl.RuleLockLogicTreeNode.logic(RuleLockLogicTreeNode.java:35)
	at cn.bugstack.domain.strategy.service.rule.tree.factory.engine.impl.DecisionTreeEngine.process(DecisionTreeEngine.java:47)
	at cn.bugstack.domain.strategy.service.raffle.DefaultRaffleStrategy.raffleLogicTree(DefaultRaffleStrategy.java:58)
	at cn.bugstack.domain.strategy.service.AbstractRaffleStrategy.performRaffle(AbstractRaffleStrategy.java:56)
	at cn.bugstack.trigger.http.RaffleActivityController.draw(RaffleActivityController.java:115)
	at sun.reflect.NativeMethodAccessorImpl.invoke0(Native Method)
	at sun.reflect.NativeMethodAccessorImpl.invoke(NativeMethodAccessorImpl.java:62)
	at sun.reflect.DelegatingMethodAccessorImpl.invoke(DelegatingMethodAccessorImpl.java:43)
	at java.lang.reflect.Method.invoke(Method.java:498)
	at org.springframework.web.method.support.InvocableHandlerMethod.doInvoke(InvocableHandlerMethod.java:205)
	at org.springframework.web.method.support.InvocableHandlerMethod.invokeForRequest(InvocableHandlerMethod.java:150)
	at org.springframework.web.servlet.mvc.method.annotation.ServletInvocableHandlerMethod.invokeAndHandle(ServletInvocableHandlerMethod.java:117)
	at org.springframework.web.servlet.mvc.method.annotation.RequestMappingHandlerAdapter.invokeHandlerMethod(RequestMappingHandlerAdapter.java:895)
	at org.springframework.web.servlet.mvc.method.annotation.RequestMappingHandlerAdapter.handleInternal(RequestMappingHandlerAdapter.java:808)
	at org.springframework.web.servlet.mvc.method.AbstractHandlerMethodAdapter.handle(AbstractHandlerMethodAdapter.java:87)
	at org.springframework.web.servlet.DispatcherServlet.doDispatch(DispatcherServlet.java:1072)
	at org.springframework.web.servlet.DispatcherServlet.doService(DispatcherServlet.java:965)
	at org.springframework.web.servlet.FrameworkServlet.processRequest(FrameworkServlet.java:1006)
	at org.springframework.web.servlet.FrameworkServlet.doPost(FrameworkServlet.java:909)
	at javax.servlet.http.HttpServlet.service(HttpServlet.java:555)
	at org.springframework.web.servlet.FrameworkServlet.service(FrameworkServlet.java:883)
	at javax.servlet.http.HttpServlet.service(HttpServlet.java:623)
	at org.apache.catalina.core.ApplicationFilterChain.internalDoFilter(ApplicationFilterChain.java:209)
	at org.apache.catalina.core.ApplicationFilterChain.doFilter(ApplicationFilterChain.java:153)
	at org.apache.tomcat.websocket.server.WsFilter.doFilter(WsFilter.java:51)
	at org.apache.catalina.core.ApplicationFilterChain.internalDoFilter(ApplicationFilterChain.java:178)
	at org.apache.catalina.core.ApplicationFilterChain.doFilter(ApplicationFilterChain.java:153)
	at org.springframework.web.filter.RequestContextFilter.doFilterInternal(RequestContextFilter.java:100)
	at org.springframework.web.filter.OncePerRequestFilter.doFilter(OncePerRequestFilter.java:117)
	at org.apache.catalina.core.ApplicationFilterChain.internalDoFilter(ApplicationFilterChain.java:178)
	at org.apache.catalina.core.ApplicationFilterChain.doFilter(ApplicationFilterChain.java:153)
	at org.springframework.web.filter.FormContentFilter.doFilterInternal(FormContentFilter.java:93)
	at org.springframework.web.filter.OncePerRequestFilter.doFilter(OncePerRequestFilter.java:117)
	at org.apache.catalina.core.ApplicationFilterChain.internalDoFilter(ApplicationFilterChain.java:178)
	at org.apache.catalina.core.ApplicationFilterChain.doFilter(ApplicationFilterChain.java:153)
	at org.springframework.boot.actuate.metrics.web.servlet.WebMvcMetricsFilter.doFilterInternal(WebMvcMetricsFilter.java:96)
	at org.springframework.web.filter.OncePerRequestFilter.doFilter(OncePerRequestFilter.java:117)
	at org.apache.catalina.core.ApplicationFilterChain.internalDoFilter(ApplicationFilterChain.java:178)
	at org.apache.catalina.core.ApplicationFilterChain.doFilter(ApplicationFilterChain.java:153)
	at org.springframework.web.filter.CharacterEncodingFilter.doFilterInternal(CharacterEncodingFilter.java:201)
	at org.springframework.web.filter.OncePerRequestFilter.doFilter(OncePerRequestFilter.java:117)
	at org.apache.catalina.core.ApplicationFilterChain.internalDoFilter(ApplicationFilterChain.java:178)
	at org.apache.catalina.core.ApplicationFilterChain.doFilter(ApplicationFilterChain.java:153)
	at org.apache.catalina.core.StandardWrapperValve.invoke(StandardWrapperValve.java:167)
	at org.apache.catalina.core.StandardContextValve.invoke(StandardContextValve.java:90)
	at org.apache.catalina.authenticator.AuthenticatorBase.invoke(AuthenticatorBase.java:481)
	at org.apache.catalina.core.StandardHostValve.invoke(StandardHostValve.java:130)
	at org.apache.catalina.valves.ErrorReportValve.invoke(ErrorReportValve.java:93)
	at org.apache.catalina.core.StandardEngineValve.invoke(StandardEngineValve.java:74)
	at org.apache.catalina.connector.CoyoteAdapter.service(CoyoteAdapter.java:343)
	at org.apache.coyote.http11.Http11Processor.service(Http11Processor.java:390)
	at org.apache.coyote.AbstractProcessorLight.process(AbstractProcessorLight.java:63)
	at org.apache.coyote.AbstractProtocol$ConnectionHandler.process(AbstractProtocol.java:926)
	at org.apache.tomcat.util.net.NioEndpoint$SocketProcessor.doRun(NioEndpoint.java:1791)
	at org.apache.tomcat.util.net.SocketProcessorBase.run(SocketProcessorBase.java:52)
	at org.apache.tomcat.util.threads.ThreadPoolExecutor.runWorker(ThreadPoolExecutor.java:1191)
	at org.apache.tomcat.util.threads.ThreadPoolExecutor$Worker.run(ThreadPoolExecutor.java:659)
	at org.apache.tomcat.util.threads.TaskThread$WrappingRunnable.run(TaskThread.java:61)
	at java.lang.Thread.run(Thread.java:748)
25-01-27.15:51:13.078 [main            ] WARN  StartupInfoLogger      - InetAddress.getLocalHost().getHostName() took 5001 milliseconds to respond. Please verify your network configuration (macOS machines may need to add entries to /etc/hosts).
25-01-27.15:51:18.084 [main            ] WARN  ApplicationPid         - ManagementFactory.getRuntimeMXBean().getName() took 5003 milliseconds to respond. This may be due to slow host name resolution. Please verify your network configuration (macOS machines may need to add entries to /etc/hosts).
25-01-27.15:51:21.749 [main            ] WARN  DnsServerAddressStreamProviders - Can not find io.netty.resolver.dns.macos.MacOSDnsServerAddressStreamProvider in the classpath, fallback to system defaults. This may result in incorrect DNS resolutions on MacOS. Check whether you have a dependency on 'io.netty:netty-resolver-dns-native-macos'
