25-01-11.10:00:50.231 [main            ] INFO  RaffleStrategyTest     - Starting RaffleStrategyTest using Java 1.8.0_311 on liuguanzedeMBP with PID 2539 (started by carson in /Users/carson/Desktop/Microservice/big-market/big-market-app)
25-01-11.10:00:50.233 [main            ] INFO  RaffleStrategyTest     - The following 1 profile is active: "dev"
25-01-11.10:00:52.146 [main            ] INFO  RepositoryConfigurationDelegate - Multiple Spring Data modules found, entering strict repository configuration mode
25-01-11.10:00:52.156 [main            ] INFO  RepositoryConfigurationDelegate - Bootstrapping Spring Data Redis repositories in DEFAULT mode.
25-01-11.10:00:52.310 [main            ] INFO  RepositoryConfigurationDelegate - Finished Spring Data repository scanning in 73 ms. Found 0 Redis repository interfaces.
25-01-11.10:00:54.777 [main            ] INFO  Version                - Redisson 3.23.4
25-01-11.10:00:54.867 [main            ] WARN  DnsServerAddressStreamProviders - Can not find io.netty.resolver.dns.macos.MacOSDnsServerAddressStreamProvider in the classpath, fallback to system defaults. This may result in incorrect DNS resolutions on MacOS. Check whether you have a dependency on 'io.netty:netty-resolver-dns-native-macos'
25-01-11.10:00:55.262 [redisson-netty-2-4] INFO  MasterPubSubConnectionPool - 1 connections initialized for 127.0.0.1/127.0.0.1:16379
25-01-11.10:00:55.300 [redisson-netty-2-13] INFO  MasterConnectionPool   - 5 connections initialized for 127.0.0.1/127.0.0.1:16379
25-01-11.10:00:57.953 [main            ] INFO  EndpointLinksResolver  - Exposing 1 endpoint(s) beneath base path '/actuator'
25-01-11.10:00:58.306 [main            ] INFO  RaffleStrategyTest     - Started RaffleStrategyTest in 8.731 seconds (JVM running for 10.33)
25-01-11.10:00:59.440 [main            ] INFO  HikariDataSource       - HikariPool-1 - Starting...
25-01-11.10:01:00.386 [main            ] INFO  HikariDataSource       - HikariPool-1 - Start completed.
25-01-11.10:01:00.545 [main            ] INFO  RaffleStrategyTest     - 测试结果：true
25-01-11.10:01:00.564 [main            ] INFO  RaffleStrategyTest     - 测试结果：true
25-01-11.10:01:00.588 [main            ] INFO  RaffleStrategyTest     - 测试结果：true
25-01-11.10:01:00.599 [main            ] INFO  RuleBlackListLogicFilter - 规则过滤-黑名单 userId:user003 strategyId:100001 ruleModel:rule_blacklist
25-01-11.10:01:01.032 [main            ] INFO  RaffleStrategyTest     - 请求参数：{"strategyId":100001,"userId":"user003"}
25-01-11.10:01:01.038 [main            ] INFO  RaffleStrategyTest     - 测试结果：{"awardId":100}
25-01-11.10:01:01.162 [main            ] INFO  RaffleStrategyTest     - 测试结果：true
25-01-11.10:01:01.173 [main            ] INFO  RaffleStrategyTest     - 测试结果：true
25-01-11.10:01:01.190 [main            ] INFO  RaffleStrategyTest     - 测试结果：true
25-01-11.10:01:01.204 [main            ] INFO  RuleLockLogicFilter    - 规则过滤-次数锁 userId:xiaofuge strategyId:100003 ruleModel:rule_lock
25-01-11.10:01:01.208 [main            ] INFO  DefaultRaffleStrategy  - 抽奖前规则过滤 userId: xiaofuge ruleModel: rule_lock code: 0000 info: 放行；执行后续的流程，不受规则引擎影响
25-01-11.10:01:01.208 [main            ] INFO  RaffleStrategyTest     - 请求参数：{"strategyId":100003,"userId":"xiaofuge"}
25-01-11.10:01:01.208 [main            ] INFO  RaffleStrategyTest     - 测试结果：{"awardId":107}
25-01-11.10:01:01.308 [main            ] INFO  RaffleStrategyTest     - 测试结果：true
25-01-11.10:01:01.318 [main            ] INFO  RaffleStrategyTest     - 测试结果：true
25-01-11.10:01:01.335 [main            ] INFO  RaffleStrategyTest     - 测试结果：true
25-01-11.10:01:01.338 [main            ] INFO  RuleBlackListLogicFilter - 规则过滤-黑名单 userId:xiaofuge strategyId:100001 ruleModel:rule_blacklist
25-01-11.10:01:01.343 [main            ] INFO  RuleWeightLogicFilter  - 规则过滤-权重范围 userId:xiaofuge strategyId:100001 ruleModel:rule_weight
25-01-11.10:01:01.347 [main            ] INFO  DefaultRaffleStrategy  - 抽奖前规则过滤 userId: xiaofuge ruleModel: rule_weight code: 0001 info: 接管；后续的流程，受规则引擎执行结果影响
25-01-11.10:01:01.351 [main            ] INFO  RaffleStrategyTest     - 请求参数：{"strategyId":100001,"userId":"xiaofuge"}
25-01-11.10:01:01.351 [main            ] INFO  RaffleStrategyTest     - 测试结果：{"awardId":103}
25-01-11.10:01:01.402 [SpringApplicationShutdownHook] INFO  HikariDataSource       - HikariPool-1 - Shutdown initiated...
25-01-11.10:01:01.417 [SpringApplicationShutdownHook] INFO  HikariDataSource       - HikariPool-1 - Shutdown completed.
25-01-11.12:34:09.758 [main            ] INFO  LogicChainTest         - Starting LogicChainTest using Java 1.8.0_311 on liuguanzedeMBP with PID 8601 (started by carson in /Users/carson/Desktop/Microservice/big-market/big-market-app)
25-01-11.12:34:09.759 [main            ] INFO  LogicChainTest         - The following 1 profile is active: "dev"
25-01-11.12:34:10.959 [main            ] INFO  RepositoryConfigurationDelegate - Multiple Spring Data modules found, entering strict repository configuration mode
25-01-11.12:34:10.964 [main            ] INFO  RepositoryConfigurationDelegate - Bootstrapping Spring Data Redis repositories in DEFAULT mode.
25-01-11.12:34:11.020 [main            ] INFO  RepositoryConfigurationDelegate - Finished Spring Data repository scanning in 22 ms. Found 0 Redis repository interfaces.
25-01-11.12:34:12.928 [main            ] INFO  Version                - Redisson 3.23.4
25-01-11.12:34:13.041 [main            ] WARN  DnsServerAddressStreamProviders - Can not find io.netty.resolver.dns.macos.MacOSDnsServerAddressStreamProvider in the classpath, fallback to system defaults. This may result in incorrect DNS resolutions on MacOS. Check whether you have a dependency on 'io.netty:netty-resolver-dns-native-macos'
25-01-11.12:34:13.467 [redisson-netty-2-5] INFO  MasterPubSubConnectionPool - 1 connections initialized for 127.0.0.1/127.0.0.1:16379
25-01-11.12:34:13.503 [redisson-netty-2-13] INFO  MasterConnectionPool   - 5 connections initialized for 127.0.0.1/127.0.0.1:16379
25-01-11.12:34:16.004 [main            ] INFO  EndpointLinksResolver  - Exposing 1 endpoint(s) beneath base path '/actuator'
25-01-11.12:34:16.088 [main            ] INFO  LogicChainTest         - Started LogicChainTest in 6.874 seconds (JVM running for 8.169)
25-01-11.12:34:17.016 [main            ] INFO  HikariDataSource       - HikariPool-1 - Starting...
25-01-11.12:34:17.696 [main            ] INFO  HikariDataSource       - HikariPool-1 - Start completed.
25-01-11.12:34:17.861 [main            ] INFO  LogicChainTest         - 测试结果：true
25-01-11.12:34:17.877 [main            ] INFO  LogicChainTest         - 测试结果：true
25-01-11.12:34:17.908 [main            ] INFO  LogicChainTest         - 测试结果：true
25-01-11.12:34:17.920 [main            ] INFO  DefaultLogicChain      - 抽奖责任链-默认处理 userId: user001 strategyId: 100003 ruleModel: default awardId: 108
25-01-11.12:34:17.920 [main            ] INFO  LogicChainTest         - 测试结果：108
25-01-11.12:34:17.986 [SpringApplicationShutdownHook] INFO  HikariDataSource       - HikariPool-1 - Shutdown initiated...
25-01-11.12:34:18.024 [SpringApplicationShutdownHook] INFO  HikariDataSource       - HikariPool-1 - Shutdown completed.
25-01-11.12:35:21.853 [main            ] INFO  RaffleStrategyTest     - Starting RaffleStrategyTest using Java 1.8.0_311 on liuguanzedeMBP with PID 8650 (started by carson in /Users/carson/Desktop/Microservice/big-market/big-market-app)
25-01-11.12:35:21.854 [main            ] INFO  RaffleStrategyTest     - The following 1 profile is active: "dev"
25-01-11.12:35:22.997 [main            ] INFO  RepositoryConfigurationDelegate - Multiple Spring Data modules found, entering strict repository configuration mode
25-01-11.12:35:23.003 [main            ] INFO  RepositoryConfigurationDelegate - Bootstrapping Spring Data Redis repositories in DEFAULT mode.
25-01-11.12:35:23.072 [main            ] INFO  RepositoryConfigurationDelegate - Finished Spring Data repository scanning in 41 ms. Found 0 Redis repository interfaces.
25-01-11.12:35:25.015 [main            ] INFO  Version                - Redisson 3.23.4
25-01-11.12:35:25.145 [main            ] WARN  DnsServerAddressStreamProviders - Can not find io.netty.resolver.dns.macos.MacOSDnsServerAddressStreamProvider in the classpath, fallback to system defaults. This may result in incorrect DNS resolutions on MacOS. Check whether you have a dependency on 'io.netty:netty-resolver-dns-native-macos'
25-01-11.12:35:25.510 [redisson-netty-2-5] INFO  MasterPubSubConnectionPool - 1 connections initialized for 127.0.0.1/127.0.0.1:16379
25-01-11.12:35:25.543 [redisson-netty-2-13] INFO  MasterConnectionPool   - 5 connections initialized for 127.0.0.1/127.0.0.1:16379
25-01-11.12:35:28.241 [main            ] INFO  EndpointLinksResolver  - Exposing 1 endpoint(s) beneath base path '/actuator'
25-01-11.12:35:28.322 [main            ] INFO  RaffleStrategyTest     - Started RaffleStrategyTest in 7.135 seconds (JVM running for 8.373)
25-01-11.12:35:29.326 [main            ] INFO  HikariDataSource       - HikariPool-1 - Starting...
25-01-11.12:35:30.313 [main            ] INFO  HikariDataSource       - HikariPool-1 - Start completed.
25-01-11.12:35:30.508 [main            ] INFO  RaffleStrategyTest     - 测试结果：true
25-01-11.12:35:30.525 [main            ] INFO  RaffleStrategyTest     - 测试结果：true
25-01-11.12:35:30.559 [main            ] INFO  RaffleStrategyTest     - 测试结果：true
25-01-11.12:35:30.568 [main            ] INFO  RuleWeightLogicChain   - 抽奖责任链-权重开始 userId: xiaofuge strategyId: 100001 ruleModel: rule_weight
25-01-11.12:35:30.631 [main            ] INFO  RuleWeightLogicChain   - 抽奖责任链-权重接管 userId: xiaofuge strategyId: 100001 ruleModel: rule_weight awardId: 102
25-01-11.12:35:31.123 [main            ] INFO  RaffleStrategyTest     - 请求参数：{"strategyId":100001,"userId":"xiaofuge"}
25-01-11.12:35:31.130 [main            ] INFO  RaffleStrategyTest     - 测试结果：{"awardId":102}
25-01-11.12:35:31.210 [SpringApplicationShutdownHook] INFO  HikariDataSource       - HikariPool-1 - Shutdown initiated...
25-01-11.12:35:31.228 [SpringApplicationShutdownHook] INFO  HikariDataSource       - HikariPool-1 - Shutdown completed.
25-01-11.12:35:32.563 [main            ] INFO  LogicChainTest         - Starting LogicChainTest using Java 1.8.0_311 on liuguanzedeMBP with PID 8659 (started by carson in /Users/carson/Desktop/Microservice/big-market/big-market-app)
25-01-11.12:35:32.565 [main            ] INFO  LogicChainTest         - The following 1 profile is active: "dev"
25-01-11.12:35:33.878 [main            ] INFO  RepositoryConfigurationDelegate - Multiple Spring Data modules found, entering strict repository configuration mode
25-01-11.12:35:33.885 [main            ] INFO  RepositoryConfigurationDelegate - Bootstrapping Spring Data Redis repositories in DEFAULT mode.
25-01-11.12:35:33.958 [main            ] INFO  RepositoryConfigurationDelegate - Finished Spring Data repository scanning in 43 ms. Found 0 Redis repository interfaces.
25-01-11.12:35:36.102 [main            ] INFO  Version                - Redisson 3.23.4
25-01-11.12:35:36.180 [main            ] WARN  DnsServerAddressStreamProviders - Can not find io.netty.resolver.dns.macos.MacOSDnsServerAddressStreamProvider in the classpath, fallback to system defaults. This may result in incorrect DNS resolutions on MacOS. Check whether you have a dependency on 'io.netty:netty-resolver-dns-native-macos'
25-01-11.12:35:36.612 [redisson-netty-2-4] INFO  MasterPubSubConnectionPool - 1 connections initialized for 127.0.0.1/127.0.0.1:16379
25-01-11.12:35:36.646 [redisson-netty-2-13] INFO  MasterConnectionPool   - 5 connections initialized for 127.0.0.1/127.0.0.1:16379
25-01-11.12:35:39.604 [main            ] INFO  EndpointLinksResolver  - Exposing 1 endpoint(s) beneath base path '/actuator'
25-01-11.12:35:39.718 [main            ] INFO  LogicChainTest         - Started LogicChainTest in 8.154 seconds (JVM running for 10.018)
25-01-11.12:35:40.550 [main            ] INFO  HikariDataSource       - HikariPool-1 - Starting...
25-01-11.12:35:41.159 [main            ] INFO  HikariDataSource       - HikariPool-1 - Start completed.
25-01-11.12:35:41.320 [main            ] INFO  LogicChainTest         - 测试结果：true
25-01-11.12:35:41.342 [main            ] INFO  LogicChainTest         - 测试结果：true
25-01-11.12:35:41.388 [main            ] INFO  LogicChainTest         - 测试结果：true
25-01-11.12:35:41.406 [main            ] INFO  DefaultLogicChain      - 抽奖责任链-默认处理 userId: user001 strategyId: 100003 ruleModel: default awardId: 108
25-01-11.12:35:41.406 [main            ] INFO  LogicChainTest         - 测试结果：108
25-01-11.12:35:41.485 [SpringApplicationShutdownHook] INFO  HikariDataSource       - HikariPool-1 - Shutdown initiated...
25-01-11.12:35:41.533 [SpringApplicationShutdownHook] INFO  HikariDataSource       - HikariPool-1 - Shutdown completed.
25-01-11.12:36:00.079 [main            ] INFO  LogicChainTest         - Starting LogicChainTest using Java 1.8.0_311 on liuguanzedeMBP with PID 8695 (started by carson in /Users/carson/Desktop/Microservice/big-market/big-market-app)
25-01-11.12:36:00.080 [main            ] INFO  LogicChainTest         - The following 1 profile is active: "dev"
25-01-11.12:36:01.252 [main            ] INFO  RepositoryConfigurationDelegate - Multiple Spring Data modules found, entering strict repository configuration mode
25-01-11.12:36:01.257 [main            ] INFO  RepositoryConfigurationDelegate - Bootstrapping Spring Data Redis repositories in DEFAULT mode.
25-01-11.12:36:01.313 [main            ] INFO  RepositoryConfigurationDelegate - Finished Spring Data repository scanning in 35 ms. Found 0 Redis repository interfaces.
25-01-11.12:36:03.089 [main            ] INFO  Version                - Redisson 3.23.4
25-01-11.12:36:03.172 [main            ] WARN  DnsServerAddressStreamProviders - Can not find io.netty.resolver.dns.macos.MacOSDnsServerAddressStreamProvider in the classpath, fallback to system defaults. This may result in incorrect DNS resolutions on MacOS. Check whether you have a dependency on 'io.netty:netty-resolver-dns-native-macos'
25-01-11.12:36:03.549 [redisson-netty-2-4] INFO  MasterPubSubConnectionPool - 1 connections initialized for 127.0.0.1/127.0.0.1:16379
25-01-11.12:36:03.593 [redisson-netty-2-13] INFO  MasterConnectionPool   - 5 connections initialized for 127.0.0.1/127.0.0.1:16379
25-01-11.12:36:05.884 [main            ] INFO  EndpointLinksResolver  - Exposing 1 endpoint(s) beneath base path '/actuator'
25-01-11.12:36:05.966 [main            ] INFO  LogicChainTest         - Started LogicChainTest in 6.432 seconds (JVM running for 7.649)
25-01-11.12:36:06.858 [main            ] INFO  HikariDataSource       - HikariPool-1 - Starting...
25-01-11.12:36:07.583 [main            ] INFO  HikariDataSource       - HikariPool-1 - Start completed.
25-01-11.12:36:07.744 [main            ] INFO  LogicChainTest         - 测试结果：true
25-01-11.12:36:07.765 [main            ] INFO  LogicChainTest         - 测试结果：true
25-01-11.12:36:07.791 [main            ] INFO  LogicChainTest         - 测试结果：true
25-01-11.12:36:07.810 [main            ] INFO  DefaultLogicChain      - 抽奖责任链-默认处理 userId: user001 strategyId: 100001 ruleModel: default awardId: 103
25-01-11.12:36:07.810 [main            ] INFO  LogicChainTest         - 测试结果：103
25-01-11.12:36:07.878 [SpringApplicationShutdownHook] INFO  HikariDataSource       - HikariPool-1 - Shutdown initiated...
25-01-11.12:36:07.892 [SpringApplicationShutdownHook] INFO  HikariDataSource       - HikariPool-1 - Shutdown completed.
25-01-11.12:37:44.116 [main            ] INFO  LogicChainTest         - Starting LogicChainTest using Java 1.8.0_311 on liuguanzedeMBP with PID 8767 (started by carson in /Users/carson/Desktop/Microservice/big-market/big-market-app)
25-01-11.12:37:44.118 [main            ] INFO  LogicChainTest         - The following 1 profile is active: "dev"
25-01-11.12:37:45.381 [main            ] INFO  RepositoryConfigurationDelegate - Multiple Spring Data modules found, entering strict repository configuration mode
25-01-11.12:37:45.386 [main            ] INFO  RepositoryConfigurationDelegate - Bootstrapping Spring Data Redis repositories in DEFAULT mode.
25-01-11.12:37:45.436 [main            ] INFO  RepositoryConfigurationDelegate - Finished Spring Data repository scanning in 26 ms. Found 0 Redis repository interfaces.
25-01-11.12:37:47.468 [main            ] INFO  Version                - Redisson 3.23.4
25-01-11.12:37:47.566 [main            ] WARN  DnsServerAddressStreamProviders - Can not find io.netty.resolver.dns.macos.MacOSDnsServerAddressStreamProvider in the classpath, fallback to system defaults. This may result in incorrect DNS resolutions on MacOS. Check whether you have a dependency on 'io.netty:netty-resolver-dns-native-macos'
25-01-11.12:37:47.991 [redisson-netty-2-4] INFO  MasterPubSubConnectionPool - 1 connections initialized for 127.0.0.1/127.0.0.1:16379
25-01-11.12:37:48.029 [redisson-netty-2-13] INFO  MasterConnectionPool   - 5 connections initialized for 127.0.0.1/127.0.0.1:16379
25-01-11.12:37:50.542 [main            ] INFO  EndpointLinksResolver  - Exposing 1 endpoint(s) beneath base path '/actuator'
25-01-11.12:37:50.646 [main            ] INFO  LogicChainTest         - Started LogicChainTest in 7.115 seconds (JVM running for 9.355)
25-01-11.12:37:51.599 [main            ] INFO  HikariDataSource       - HikariPool-1 - Starting...
25-01-11.12:37:52.347 [main            ] INFO  HikariDataSource       - HikariPool-1 - Start completed.
25-01-11.12:37:52.488 [main            ] INFO  LogicChainTest         - 测试结果：true
25-01-11.12:37:52.504 [main            ] INFO  LogicChainTest         - 测试结果：true
25-01-11.12:37:52.530 [main            ] INFO  LogicChainTest         - 测试结果：true
25-01-11.12:38:01.259 [main            ] INFO  DefaultLogicChain      - 抽奖责任链-默认处理 userId: user001 strategyId: 100001 ruleModel: default awardId: 102
25-01-11.12:38:01.965 [main            ] INFO  LogicChainTest         - 测试结果：102
25-01-11.12:38:06.811 [SpringApplicationShutdownHook] INFO  HikariDataSource       - HikariPool-1 - Shutdown initiated...
25-01-11.12:38:06.870 [SpringApplicationShutdownHook] INFO  HikariDataSource       - HikariPool-1 - Shutdown completed.
25-01-11.12:38:11.038 [main            ] INFO  LogicChainTest         - Starting LogicChainTest using Java 1.8.0_311 on liuguanzedeMBP with PID 8788 (started by carson in /Users/carson/Desktop/Microservice/big-market/big-market-app)
25-01-11.12:38:11.040 [main            ] INFO  LogicChainTest         - The following 1 profile is active: "dev"
25-01-11.12:38:12.323 [main            ] INFO  RepositoryConfigurationDelegate - Multiple Spring Data modules found, entering strict repository configuration mode
25-01-11.12:38:12.329 [main            ] INFO  RepositoryConfigurationDelegate - Bootstrapping Spring Data Redis repositories in DEFAULT mode.
25-01-11.12:38:12.383 [main            ] INFO  RepositoryConfigurationDelegate - Finished Spring Data repository scanning in 28 ms. Found 0 Redis repository interfaces.
25-01-11.12:38:14.506 [main            ] INFO  Version                - Redisson 3.23.4
25-01-11.12:38:14.620 [main            ] WARN  DnsServerAddressStreamProviders - Can not find io.netty.resolver.dns.macos.MacOSDnsServerAddressStreamProvider in the classpath, fallback to system defaults. This may result in incorrect DNS resolutions on MacOS. Check whether you have a dependency on 'io.netty:netty-resolver-dns-native-macos'
25-01-11.12:38:15.057 [redisson-netty-2-4] INFO  MasterPubSubConnectionPool - 1 connections initialized for 127.0.0.1/127.0.0.1:16379
25-01-11.12:38:15.093 [redisson-netty-2-13] INFO  MasterConnectionPool   - 5 connections initialized for 127.0.0.1/127.0.0.1:16379
25-01-11.12:38:17.813 [main            ] INFO  EndpointLinksResolver  - Exposing 1 endpoint(s) beneath base path '/actuator'
25-01-11.12:38:17.927 [main            ] INFO  LogicChainTest         - Started LogicChainTest in 7.519 seconds (JVM running for 9.089)
25-01-11.12:38:18.892 [main            ] INFO  HikariDataSource       - HikariPool-1 - Starting...
25-01-11.12:38:19.554 [main            ] INFO  HikariDataSource       - HikariPool-1 - Start completed.
25-01-11.12:38:19.713 [main            ] INFO  LogicChainTest         - 测试结果：true
25-01-11.12:38:19.735 [main            ] INFO  LogicChainTest         - 测试结果：true
25-01-11.12:38:19.761 [main            ] INFO  LogicChainTest         - 测试结果：true
25-01-11.12:39:01.462 [main            ] INFO  DefaultLogicChain      - 抽奖责任链-默认处理 userId: user001 strategyId: 100001 ruleModel: default awardId: 101
25-01-11.12:39:01.462 [main            ] INFO  LogicChainTest         - 测试结果：101
25-01-11.12:39:01.572 [SpringApplicationShutdownHook] INFO  HikariDataSource       - HikariPool-1 - Shutdown initiated...
25-01-11.12:39:01.625 [SpringApplicationShutdownHook] INFO  HikariDataSource       - HikariPool-1 - Shutdown completed.
25-01-11.12:40:04.006 [main            ] INFO  LogicChainTest         - Starting LogicChainTest using Java 1.8.0_311 on liuguanzedeMBP with PID 8865 (started by carson in /Users/carson/Desktop/Microservice/big-market/big-market-app)
25-01-11.12:40:04.008 [main            ] INFO  LogicChainTest         - The following 1 profile is active: "dev"
25-01-11.12:40:05.198 [main            ] INFO  RepositoryConfigurationDelegate - Multiple Spring Data modules found, entering strict repository configuration mode
25-01-11.12:40:05.202 [main            ] INFO  RepositoryConfigurationDelegate - Bootstrapping Spring Data Redis repositories in DEFAULT mode.
25-01-11.12:40:05.257 [main            ] INFO  RepositoryConfigurationDelegate - Finished Spring Data repository scanning in 34 ms. Found 0 Redis repository interfaces.
25-01-11.12:40:07.033 [main            ] INFO  Version                - Redisson 3.23.4
25-01-11.12:40:07.125 [main            ] WARN  DnsServerAddressStreamProviders - Can not find io.netty.resolver.dns.macos.MacOSDnsServerAddressStreamProvider in the classpath, fallback to system defaults. This may result in incorrect DNS resolutions on MacOS. Check whether you have a dependency on 'io.netty:netty-resolver-dns-native-macos'
25-01-11.12:40:07.549 [redisson-netty-2-4] INFO  MasterPubSubConnectionPool - 1 connections initialized for 127.0.0.1/127.0.0.1:16379
25-01-11.12:40:07.610 [redisson-netty-2-13] INFO  MasterConnectionPool   - 5 connections initialized for 127.0.0.1/127.0.0.1:16379
25-01-11.12:40:09.843 [main            ] INFO  EndpointLinksResolver  - Exposing 1 endpoint(s) beneath base path '/actuator'
25-01-11.12:40:09.919 [main            ] INFO  LogicChainTest         - Started LogicChainTest in 6.494 seconds (JVM running for 7.702)
25-01-11.12:40:10.730 [main            ] INFO  HikariDataSource       - HikariPool-1 - Starting...
25-01-11.12:40:11.401 [main            ] INFO  HikariDataSource       - HikariPool-1 - Start completed.
25-01-11.12:40:11.563 [main            ] INFO  LogicChainTest         - 测试结果：true
25-01-11.12:40:11.581 [main            ] INFO  LogicChainTest         - 测试结果：true
25-01-11.12:40:11.615 [main            ] INFO  LogicChainTest         - 测试结果：true
25-01-11.12:40:11.621 [main            ] INFO  RuleWeightLogicChain   - 抽奖责任链-权重开始 userId: user001 strategyId: 100001 ruleModel: rule_weight
25-01-11.12:40:11.662 [main            ] INFO  RuleWeightLogicChain   - 抽奖责任链-权重放行 userId: user001 strategyId: 100001 ruleModel: rule_weight
25-01-11.12:40:11.662 [main            ] INFO  BlackListLogicChain    - 抽奖责任链-黑名单开始 userId: user001 strategyId: 100001 ruleModel: rule_blacklist
25-01-11.12:40:11.668 [main            ] INFO  BlackListLogicChain    - 抽奖责任链-黑名单接管 userId: user001 strategyId: 100001 ruleModel: rule_blacklist awardId: 100
25-01-11.12:40:11.668 [main            ] INFO  LogicChainTest         - 测试结果：100
25-01-11.12:40:11.731 [SpringApplicationShutdownHook] INFO  HikariDataSource       - HikariPool-1 - Shutdown initiated...
25-01-11.12:40:11.769 [SpringApplicationShutdownHook] INFO  HikariDataSource       - HikariPool-1 - Shutdown completed.
25-01-11.12:47:47.903 [main            ] INFO  LogicChainTest         - Starting LogicChainTest using Java 1.8.0_311 on liuguanzedeMBP with PID 9175 (started by carson in /Users/carson/Desktop/Microservice/big-market/big-market-app)
25-01-11.12:47:47.905 [main            ] INFO  LogicChainTest         - The following 1 profile is active: "dev"
25-01-11.12:47:49.153 [main            ] INFO  RepositoryConfigurationDelegate - Multiple Spring Data modules found, entering strict repository configuration mode
25-01-11.12:47:49.158 [main            ] INFO  RepositoryConfigurationDelegate - Bootstrapping Spring Data Redis repositories in DEFAULT mode.
25-01-11.12:47:49.212 [main            ] INFO  RepositoryConfigurationDelegate - Finished Spring Data repository scanning in 30 ms. Found 0 Redis repository interfaces.
25-01-11.12:47:51.193 [main            ] INFO  Version                - Redisson 3.23.4
25-01-11.12:47:51.308 [main            ] WARN  DnsServerAddressStreamProviders - Can not find io.netty.resolver.dns.macos.MacOSDnsServerAddressStreamProvider in the classpath, fallback to system defaults. This may result in incorrect DNS resolutions on MacOS. Check whether you have a dependency on 'io.netty:netty-resolver-dns-native-macos'
25-01-11.12:47:51.706 [redisson-netty-2-5] INFO  MasterPubSubConnectionPool - 1 connections initialized for 127.0.0.1/127.0.0.1:16379
25-01-11.12:47:51.736 [redisson-netty-2-13] INFO  MasterConnectionPool   - 5 connections initialized for 127.0.0.1/127.0.0.1:16379
25-01-11.12:47:54.225 [main            ] INFO  EndpointLinksResolver  - Exposing 1 endpoint(s) beneath base path '/actuator'
25-01-11.12:47:54.315 [main            ] INFO  LogicChainTest         - Started LogicChainTest in 6.946 seconds (JVM running for 8.371)
25-01-11.12:47:55.172 [main            ] INFO  HikariDataSource       - HikariPool-1 - Starting...
25-01-11.12:47:55.766 [main            ] INFO  HikariDataSource       - HikariPool-1 - Start completed.
25-01-11.12:47:55.889 [main            ] INFO  LogicChainTest         - 测试结果：true
25-01-11.12:47:55.904 [main            ] INFO  LogicChainTest         - 测试结果：true
25-01-11.12:47:55.934 [main            ] INFO  LogicChainTest         - 测试结果：true
25-01-11.12:47:55.938 [main            ] INFO  RuleWeightLogicChain   - 抽奖责任链-权重开始 userId: user001 strategyId: 100001 ruleModel: rule_weight
25-01-11.12:47:55.987 [main            ] INFO  RuleWeightLogicChain   - 抽奖责任链-权重放行 userId: user001 strategyId: 100001 ruleModel: rule_weight
25-01-11.12:47:55.987 [main            ] INFO  BlackListLogicChain    - 抽奖责任链-黑名单开始 userId: user001 strategyId: 100001 ruleModel: rule_blacklist
25-01-11.12:47:55.995 [main            ] INFO  BlackListLogicChain    - 抽奖责任链-黑名单接管 userId: user001 strategyId: 100001 ruleModel: rule_blacklist awardId: 100
25-01-11.12:47:55.995 [main            ] INFO  LogicChainTest         - 测试结果：100
25-01-11.12:47:56.056 [SpringApplicationShutdownHook] INFO  HikariDataSource       - HikariPool-1 - Shutdown initiated...
25-01-11.12:47:56.071 [SpringApplicationShutdownHook] INFO  HikariDataSource       - HikariPool-1 - Shutdown completed.
25-01-11.12:48:42.794 [main            ] INFO  LogicChainTest         - Starting LogicChainTest using Java 1.8.0_311 on liuguanzedeMBP with PID 9216 (started by carson in /Users/carson/Desktop/Microservice/big-market/big-market-app)
25-01-11.12:48:42.796 [main            ] INFO  LogicChainTest         - The following 1 profile is active: "dev"
25-01-11.12:48:43.940 [main            ] INFO  RepositoryConfigurationDelegate - Multiple Spring Data modules found, entering strict repository configuration mode
25-01-11.12:48:43.945 [main            ] INFO  RepositoryConfigurationDelegate - Bootstrapping Spring Data Redis repositories in DEFAULT mode.
25-01-11.12:48:43.991 [main            ] INFO  RepositoryConfigurationDelegate - Finished Spring Data repository scanning in 25 ms. Found 0 Redis repository interfaces.
25-01-11.12:48:45.726 [main            ] INFO  Version                - Redisson 3.23.4
25-01-11.12:48:45.802 [main            ] WARN  DnsServerAddressStreamProviders - Can not find io.netty.resolver.dns.macos.MacOSDnsServerAddressStreamProvider in the classpath, fallback to system defaults. This may result in incorrect DNS resolutions on MacOS. Check whether you have a dependency on 'io.netty:netty-resolver-dns-native-macos'
25-01-11.12:48:46.158 [redisson-netty-2-5] INFO  MasterPubSubConnectionPool - 1 connections initialized for 127.0.0.1/127.0.0.1:16379
25-01-11.12:48:46.191 [redisson-netty-2-13] INFO  MasterConnectionPool   - 5 connections initialized for 127.0.0.1/127.0.0.1:16379
25-01-11.12:48:48.566 [main            ] INFO  EndpointLinksResolver  - Exposing 1 endpoint(s) beneath base path '/actuator'
25-01-11.12:48:48.650 [main            ] INFO  LogicChainTest         - Started LogicChainTest in 6.397 seconds (JVM running for 7.63)
25-01-11.12:48:49.462 [main            ] INFO  HikariDataSource       - HikariPool-1 - Starting...
25-01-11.12:48:50.088 [main            ] INFO  HikariDataSource       - HikariPool-1 - Start completed.
25-01-11.12:48:50.262 [main            ] INFO  LogicChainTest         - 测试结果：true
25-01-11.12:48:50.284 [main            ] INFO  LogicChainTest         - 测试结果：true
25-01-11.12:48:50.312 [main            ] INFO  LogicChainTest         - 测试结果：true
25-01-11.12:48:50.319 [main            ] INFO  RuleWeightLogicChain   - 抽奖责任链-权重开始 userId: user001 strategyId: 100001 ruleModel: rule_weight
25-01-11.12:48:50.379 [main            ] INFO  RuleWeightLogicChain   - 抽奖责任链-权重放行 userId: user001 strategyId: 100001 ruleModel: rule_weight
25-01-11.12:48:50.379 [main            ] INFO  BlackListLogicChain    - 抽奖责任链-黑名单开始 userId: user001 strategyId: 100001 ruleModel: rule_blacklist
25-01-11.12:48:50.384 [main            ] INFO  BlackListLogicChain    - 抽奖责任链-黑名单接管 userId: user001 strategyId: 100001 ruleModel: rule_blacklist awardId: 100
25-01-11.12:48:50.385 [main            ] INFO  LogicChainTest         - 测试结果：100
25-01-11.12:48:50.461 [SpringApplicationShutdownHook] INFO  HikariDataSource       - HikariPool-1 - Shutdown initiated...
25-01-11.12:48:50.497 [SpringApplicationShutdownHook] INFO  HikariDataSource       - HikariPool-1 - Shutdown completed.
25-01-11.12:49:20.954 [main            ] INFO  LogicChainTest         - Starting LogicChainTest using Java 1.8.0_311 on liuguanzedeMBP with PID 9256 (started by carson in /Users/carson/Desktop/Microservice/big-market/big-market-app)
25-01-11.12:49:20.955 [main            ] INFO  LogicChainTest         - The following 1 profile is active: "dev"
25-01-11.12:49:22.350 [main            ] INFO  RepositoryConfigurationDelegate - Multiple Spring Data modules found, entering strict repository configuration mode
25-01-11.12:49:22.355 [main            ] INFO  RepositoryConfigurationDelegate - Bootstrapping Spring Data Redis repositories in DEFAULT mode.
25-01-11.12:49:22.424 [main            ] INFO  RepositoryConfigurationDelegate - Finished Spring Data repository scanning in 40 ms. Found 0 Redis repository interfaces.
25-01-11.12:49:24.310 [main            ] INFO  Version                - Redisson 3.23.4
25-01-11.12:49:24.400 [main            ] WARN  DnsServerAddressStreamProviders - Can not find io.netty.resolver.dns.macos.MacOSDnsServerAddressStreamProvider in the classpath, fallback to system defaults. This may result in incorrect DNS resolutions on MacOS. Check whether you have a dependency on 'io.netty:netty-resolver-dns-native-macos'
25-01-11.12:49:24.822 [redisson-netty-2-5] INFO  MasterPubSubConnectionPool - 1 connections initialized for 127.0.0.1/127.0.0.1:16379
25-01-11.12:49:24.853 [redisson-netty-2-13] INFO  MasterConnectionPool   - 5 connections initialized for 127.0.0.1/127.0.0.1:16379
25-01-11.12:49:27.396 [main            ] INFO  EndpointLinksResolver  - Exposing 1 endpoint(s) beneath base path '/actuator'
25-01-11.12:49:27.507 [main            ] INFO  LogicChainTest         - Started LogicChainTest in 7.149 seconds (JVM running for 8.392)
25-01-11.12:49:28.300 [main            ] INFO  HikariDataSource       - HikariPool-1 - Starting...
25-01-11.12:49:28.917 [main            ] INFO  HikariDataSource       - HikariPool-1 - Start completed.
25-01-11.12:49:29.092 [main            ] INFO  LogicChainTest         - 测试结果：true
25-01-11.12:49:29.109 [main            ] INFO  LogicChainTest         - 测试结果：true
25-01-11.12:49:29.139 [main            ] INFO  LogicChainTest         - 测试结果：true
25-01-11.12:49:29.145 [main            ] INFO  RuleWeightLogicChain   - 抽奖责任链-权重开始 userId: user001 strategyId: 100001 ruleModel: rule_weight
25-01-11.12:49:29.193 [main            ] INFO  RuleWeightLogicChain   - 抽奖责任链-权重放行 userId: user001 strategyId: 100001 ruleModel: rule_weight
25-01-11.12:49:29.193 [main            ] INFO  BlackListLogicChain    - 抽奖责任链-黑名单开始 userId: user001 strategyId: 100001 ruleModel: rule_blacklist
25-01-11.12:49:29.198 [main            ] INFO  BlackListLogicChain    - 抽奖责任链-黑名单接管 userId: user001 strategyId: 100001 ruleModel: rule_blacklist awardId: 100
25-01-11.12:49:29.198 [main            ] INFO  LogicChainTest         - 测试结果：100
25-01-11.12:49:29.268 [SpringApplicationShutdownHook] INFO  HikariDataSource       - HikariPool-1 - Shutdown initiated...
25-01-11.12:49:29.308 [SpringApplicationShutdownHook] INFO  HikariDataSource       - HikariPool-1 - Shutdown completed.
25-01-11.12:50:06.747 [main            ] INFO  LogicChainTest         - Starting LogicChainTest using Java 1.8.0_311 on liuguanzedeMBP with PID 9289 (started by carson in /Users/carson/Desktop/Microservice/big-market/big-market-app)
25-01-11.12:50:06.749 [main            ] INFO  LogicChainTest         - The following 1 profile is active: "dev"
25-01-11.12:50:08.247 [main            ] INFO  RepositoryConfigurationDelegate - Multiple Spring Data modules found, entering strict repository configuration mode
25-01-11.12:50:08.252 [main            ] INFO  RepositoryConfigurationDelegate - Bootstrapping Spring Data Redis repositories in DEFAULT mode.
25-01-11.12:50:08.314 [main            ] INFO  RepositoryConfigurationDelegate - Finished Spring Data repository scanning in 33 ms. Found 0 Redis repository interfaces.
25-01-11.12:50:10.438 [main            ] INFO  Version                - Redisson 3.23.4
25-01-11.12:50:10.557 [main            ] WARN  DnsServerAddressStreamProviders - Can not find io.netty.resolver.dns.macos.MacOSDnsServerAddressStreamProvider in the classpath, fallback to system defaults. This may result in incorrect DNS resolutions on MacOS. Check whether you have a dependency on 'io.netty:netty-resolver-dns-native-macos'
25-01-11.12:50:10.996 [redisson-netty-2-5] INFO  MasterPubSubConnectionPool - 1 connections initialized for 127.0.0.1/127.0.0.1:16379
25-01-11.12:50:11.030 [redisson-netty-2-13] INFO  MasterConnectionPool   - 5 connections initialized for 127.0.0.1/127.0.0.1:16379
25-01-11.12:50:13.478 [main            ] INFO  EndpointLinksResolver  - Exposing 1 endpoint(s) beneath base path '/actuator'
25-01-11.12:50:13.556 [main            ] INFO  LogicChainTest         - Started LogicChainTest in 7.459 seconds (JVM running for 8.816)
25-01-11.12:50:14.400 [main            ] INFO  HikariDataSource       - HikariPool-1 - Starting...
25-01-11.12:50:15.107 [main            ] INFO  HikariDataSource       - HikariPool-1 - Start completed.
25-01-11.12:50:15.266 [main            ] INFO  LogicChainTest         - 测试结果：true
25-01-11.12:50:15.282 [main            ] INFO  LogicChainTest         - 测试结果：true
25-01-11.12:50:15.330 [main            ] INFO  LogicChainTest         - 测试结果：true
25-01-11.12:50:15.335 [main            ] INFO  RuleWeightLogicChain   - 抽奖责任链-权重开始 userId: user001 strategyId: 100001 ruleModel: rule_weight
25-01-11.12:50:15.383 [main            ] INFO  RuleWeightLogicChain   - 抽奖责任链-权重放行 userId: user001 strategyId: 100001 ruleModel: rule_weight
25-01-11.12:50:15.383 [main            ] INFO  BlackListLogicChain    - 抽奖责任链-黑名单开始 userId: user001 strategyId: 100001 ruleModel: rule_blacklist
25-01-11.12:50:15.388 [main            ] INFO  BlackListLogicChain    - 抽奖责任链-黑名单接管 userId: user001 strategyId: 100001 ruleModel: rule_blacklist awardId: 100
25-01-11.12:50:15.388 [main            ] INFO  LogicChainTest         - 测试结果：100
25-01-11.12:50:15.456 [SpringApplicationShutdownHook] INFO  HikariDataSource       - HikariPool-1 - Shutdown initiated...
25-01-11.12:50:15.500 [SpringApplicationShutdownHook] INFO  HikariDataSource       - HikariPool-1 - Shutdown completed.
25-01-11.12:51:21.202 [main            ] INFO  LogicChainTest         - Starting LogicChainTest using Java 1.8.0_311 on liuguanzedeMBP with PID 9336 (started by carson in /Users/carson/Desktop/Microservice/big-market/big-market-app)
25-01-11.12:51:21.204 [main            ] INFO  LogicChainTest         - The following 1 profile is active: "dev"
25-01-11.12:51:22.376 [main            ] INFO  RepositoryConfigurationDelegate - Multiple Spring Data modules found, entering strict repository configuration mode
25-01-11.12:51:22.385 [main            ] INFO  RepositoryConfigurationDelegate - Bootstrapping Spring Data Redis repositories in DEFAULT mode.
25-01-11.12:51:22.449 [main            ] INFO  RepositoryConfigurationDelegate - Finished Spring Data repository scanning in 34 ms. Found 0 Redis repository interfaces.
25-01-11.12:51:24.247 [main            ] INFO  Version                - Redisson 3.23.4
25-01-11.12:51:24.339 [main            ] WARN  DnsServerAddressStreamProviders - Can not find io.netty.resolver.dns.macos.MacOSDnsServerAddressStreamProvider in the classpath, fallback to system defaults. This may result in incorrect DNS resolutions on MacOS. Check whether you have a dependency on 'io.netty:netty-resolver-dns-native-macos'
25-01-11.12:51:24.724 [redisson-netty-2-5] INFO  MasterPubSubConnectionPool - 1 connections initialized for 127.0.0.1/127.0.0.1:16379
25-01-11.12:51:24.762 [redisson-netty-2-13] INFO  MasterConnectionPool   - 5 connections initialized for 127.0.0.1/127.0.0.1:16379
25-01-11.12:51:26.956 [main            ] INFO  EndpointLinksResolver  - Exposing 1 endpoint(s) beneath base path '/actuator'
25-01-11.12:51:27.047 [main            ] INFO  LogicChainTest         - Started LogicChainTest in 6.446 seconds (JVM running for 7.77)
25-01-11.12:51:28.046 [main            ] INFO  HikariDataSource       - HikariPool-1 - Starting...
25-01-11.12:51:28.729 [main            ] INFO  HikariDataSource       - HikariPool-1 - Start completed.
25-01-11.12:51:28.814 [main            ] INFO  LogicChainTest         - 测试结果：true
25-01-11.12:51:28.831 [main            ] INFO  LogicChainTest         - 测试结果：true
25-01-11.12:51:28.864 [main            ] INFO  LogicChainTest         - 测试结果：true
25-01-11.12:51:28.953 [SpringApplicationShutdownHook] INFO  HikariDataSource       - HikariPool-1 - Shutdown initiated...
25-01-11.12:51:28.975 [SpringApplicationShutdownHook] INFO  HikariDataSource       - HikariPool-1 - Shutdown completed.
25-01-11.12:52:31.442 [main            ] INFO  LogicChainTest         - Starting LogicChainTest using Java 1.8.0_311 on liuguanzedeMBP with PID 9387 (started by carson in /Users/carson/Desktop/Microservice/big-market/big-market-app)
25-01-11.12:52:31.444 [main            ] INFO  LogicChainTest         - The following 1 profile is active: "dev"
25-01-11.12:52:32.611 [main            ] INFO  RepositoryConfigurationDelegate - Multiple Spring Data modules found, entering strict repository configuration mode
25-01-11.12:52:32.616 [main            ] INFO  RepositoryConfigurationDelegate - Bootstrapping Spring Data Redis repositories in DEFAULT mode.
25-01-11.12:52:32.670 [main            ] INFO  RepositoryConfigurationDelegate - Finished Spring Data repository scanning in 22 ms. Found 0 Redis repository interfaces.
25-01-11.12:52:34.421 [main            ] INFO  Version                - Redisson 3.23.4
25-01-11.12:52:34.502 [main            ] WARN  DnsServerAddressStreamProviders - Can not find io.netty.resolver.dns.macos.MacOSDnsServerAddressStreamProvider in the classpath, fallback to system defaults. This may result in incorrect DNS resolutions on MacOS. Check whether you have a dependency on 'io.netty:netty-resolver-dns-native-macos'
25-01-11.12:52:34.914 [redisson-netty-2-5] INFO  MasterPubSubConnectionPool - 1 connections initialized for 127.0.0.1/127.0.0.1:16379
25-01-11.12:52:34.950 [redisson-netty-2-13] INFO  MasterConnectionPool   - 5 connections initialized for 127.0.0.1/127.0.0.1:16379
25-01-11.12:52:37.699 [main            ] INFO  EndpointLinksResolver  - Exposing 1 endpoint(s) beneath base path '/actuator'
25-01-11.12:52:37.797 [main            ] INFO  LogicChainTest         - Started LogicChainTest in 6.926 seconds (JVM running for 8.145)
25-01-11.12:52:38.657 [main            ] INFO  HikariDataSource       - HikariPool-1 - Starting...
25-01-11.12:52:39.188 [main            ] INFO  HikariDataSource       - HikariPool-1 - Start completed.
25-01-11.12:52:39.258 [main            ] INFO  LogicChainTest         - 测试结果：true
25-01-11.12:52:39.274 [main            ] INFO  LogicChainTest         - 测试结果：true
25-01-11.12:52:39.302 [main            ] INFO  LogicChainTest         - 测试结果：true
25-01-11.12:52:39.387 [SpringApplicationShutdownHook] INFO  HikariDataSource       - HikariPool-1 - Shutdown initiated...
25-01-11.12:52:39.439 [SpringApplicationShutdownHook] INFO  HikariDataSource       - HikariPool-1 - Shutdown completed.
25-01-11.12:54:26.010 [main            ] INFO  LogicChainTest         - Starting LogicChainTest using Java 1.8.0_311 on liuguanzedeMBP with PID 9459 (started by carson in /Users/carson/Desktop/Microservice/big-market/big-market-app)
25-01-11.12:54:26.011 [main            ] INFO  LogicChainTest         - The following 1 profile is active: "dev"
25-01-11.12:54:27.179 [main            ] INFO  RepositoryConfigurationDelegate - Multiple Spring Data modules found, entering strict repository configuration mode
25-01-11.12:54:27.184 [main            ] INFO  RepositoryConfigurationDelegate - Bootstrapping Spring Data Redis repositories in DEFAULT mode.
25-01-11.12:54:27.238 [main            ] INFO  RepositoryConfigurationDelegate - Finished Spring Data repository scanning in 29 ms. Found 0 Redis repository interfaces.
25-01-11.12:54:29.852 [main            ] INFO  Version                - Redisson 3.23.4
25-01-11.12:54:29.958 [main            ] WARN  DnsServerAddressStreamProviders - Can not find io.netty.resolver.dns.macos.MacOSDnsServerAddressStreamProvider in the classpath, fallback to system defaults. This may result in incorrect DNS resolutions on MacOS. Check whether you have a dependency on 'io.netty:netty-resolver-dns-native-macos'
25-01-11.12:54:30.389 [redisson-netty-2-4] INFO  MasterPubSubConnectionPool - 1 connections initialized for 127.0.0.1/127.0.0.1:16379
25-01-11.12:54:30.429 [redisson-netty-2-13] INFO  MasterConnectionPool   - 5 connections initialized for 127.0.0.1/127.0.0.1:16379
25-01-11.12:54:33.171 [main            ] INFO  EndpointLinksResolver  - Exposing 1 endpoint(s) beneath base path '/actuator'
25-01-11.12:54:33.319 [main            ] INFO  LogicChainTest         - Started LogicChainTest in 7.884 seconds (JVM running for 9.215)
25-01-11.12:54:34.216 [main            ] INFO  LogicChainTest         - 测试结果：true
25-01-11.12:54:34.229 [main            ] INFO  LogicChainTest         - 测试结果：true
25-01-11.12:54:34.249 [main            ] INFO  LogicChainTest         - 测试结果：true
25-01-11.12:56:22.500 [main            ] INFO  LogicChainTest         - Starting LogicChainTest using Java 1.8.0_311 on liuguanzedeMBP with PID 9551 (started by carson in /Users/carson/Desktop/Microservice/big-market/big-market-app)
25-01-11.12:56:22.502 [main            ] INFO  LogicChainTest         - The following 1 profile is active: "dev"
25-01-11.12:56:23.786 [main            ] INFO  RepositoryConfigurationDelegate - Multiple Spring Data modules found, entering strict repository configuration mode
25-01-11.12:56:23.793 [main            ] INFO  RepositoryConfigurationDelegate - Bootstrapping Spring Data Redis repositories in DEFAULT mode.
25-01-11.12:56:23.858 [main            ] INFO  RepositoryConfigurationDelegate - Finished Spring Data repository scanning in 25 ms. Found 0 Redis repository interfaces.
25-01-11.12:56:26.043 [main            ] INFO  Version                - Redisson 3.23.4
25-01-11.12:56:26.159 [main            ] WARN  DnsServerAddressStreamProviders - Can not find io.netty.resolver.dns.macos.MacOSDnsServerAddressStreamProvider in the classpath, fallback to system defaults. This may result in incorrect DNS resolutions on MacOS. Check whether you have a dependency on 'io.netty:netty-resolver-dns-native-macos'
25-01-11.12:56:26.648 [redisson-netty-2-4] INFO  MasterPubSubConnectionPool - 1 connections initialized for 127.0.0.1/127.0.0.1:16379
25-01-11.12:56:26.690 [redisson-netty-2-13] INFO  MasterConnectionPool   - 5 connections initialized for 127.0.0.1/127.0.0.1:16379
25-01-11.12:56:29.209 [main            ] INFO  EndpointLinksResolver  - Exposing 1 endpoint(s) beneath base path '/actuator'
25-01-11.12:56:29.287 [main            ] INFO  LogicChainTest         - Started LogicChainTest in 7.409 seconds (JVM running for 8.739)
25-01-11.12:56:30.142 [main            ] INFO  LogicChainTest         - 测试结果：true
25-01-11.12:56:30.153 [main            ] INFO  LogicChainTest         - 测试结果：true
25-01-11.12:56:30.180 [main            ] INFO  LogicChainTest         - 测试结果：true
25-01-11.12:57:29.882 [main            ] INFO  LogicChainTest         - Starting LogicChainTest using Java 1.8.0_311 on liuguanzedeMBP with PID 9607 (started by carson in /Users/carson/Desktop/Microservice/big-market/big-market-app)
25-01-11.12:57:29.884 [main            ] INFO  LogicChainTest         - The following 1 profile is active: "dev"
25-01-11.12:57:31.098 [main            ] INFO  RepositoryConfigurationDelegate - Multiple Spring Data modules found, entering strict repository configuration mode
25-01-11.12:57:31.103 [main            ] INFO  RepositoryConfigurationDelegate - Bootstrapping Spring Data Redis repositories in DEFAULT mode.
25-01-11.12:57:31.174 [main            ] INFO  RepositoryConfigurationDelegate - Finished Spring Data repository scanning in 42 ms. Found 0 Redis repository interfaces.
25-01-11.12:57:33.223 [main            ] INFO  Version                - Redisson 3.23.4
25-01-11.12:57:33.316 [main            ] WARN  DnsServerAddressStreamProviders - Can not find io.netty.resolver.dns.macos.MacOSDnsServerAddressStreamProvider in the classpath, fallback to system defaults. This may result in incorrect DNS resolutions on MacOS. Check whether you have a dependency on 'io.netty:netty-resolver-dns-native-macos'
25-01-11.12:57:33.706 [redisson-netty-2-4] INFO  MasterPubSubConnectionPool - 1 connections initialized for 127.0.0.1/127.0.0.1:16379
25-01-11.12:57:33.738 [redisson-netty-2-13] INFO  MasterConnectionPool   - 5 connections initialized for 127.0.0.1/127.0.0.1:16379
25-01-11.12:57:36.198 [main            ] INFO  EndpointLinksResolver  - Exposing 1 endpoint(s) beneath base path '/actuator'
25-01-11.12:57:36.275 [main            ] INFO  LogicChainTest         - Started LogicChainTest in 6.982 seconds (JVM running for 8.282)
25-01-11.12:57:37.099 [main            ] INFO  LogicChainTest         - 测试结果：true
25-01-11.12:57:37.110 [main            ] INFO  LogicChainTest         - 测试结果：true
25-01-11.12:57:37.129 [main            ] INFO  LogicChainTest         - 测试结果：true
25-01-11.12:59:05.528 [main            ] INFO  LogicChainTest         - Starting LogicChainTest using Java 1.8.0_311 on liuguanzedeMBP with PID 9664 (started by carson in /Users/carson/Desktop/Microservice/big-market/big-market-app)
25-01-11.12:59:05.531 [main            ] INFO  LogicChainTest         - The following 1 profile is active: "dev"
25-01-11.12:59:06.771 [main            ] INFO  RepositoryConfigurationDelegate - Multiple Spring Data modules found, entering strict repository configuration mode
25-01-11.12:59:06.779 [main            ] INFO  RepositoryConfigurationDelegate - Bootstrapping Spring Data Redis repositories in DEFAULT mode.
25-01-11.12:59:06.844 [main            ] INFO  RepositoryConfigurationDelegate - Finished Spring Data repository scanning in 34 ms. Found 0 Redis repository interfaces.
25-01-11.12:59:08.878 [main            ] INFO  Version                - Redisson 3.23.4
25-01-11.12:59:08.971 [main            ] WARN  DnsServerAddressStreamProviders - Can not find io.netty.resolver.dns.macos.MacOSDnsServerAddressStreamProvider in the classpath, fallback to system defaults. This may result in incorrect DNS resolutions on MacOS. Check whether you have a dependency on 'io.netty:netty-resolver-dns-native-macos'
25-01-11.12:59:09.410 [redisson-netty-2-5] INFO  MasterPubSubConnectionPool - 1 connections initialized for 127.0.0.1/127.0.0.1:16379
25-01-11.12:59:09.446 [redisson-netty-2-13] INFO  MasterConnectionPool   - 5 connections initialized for 127.0.0.1/127.0.0.1:16379
25-01-11.12:59:11.845 [main            ] INFO  EndpointLinksResolver  - Exposing 1 endpoint(s) beneath base path '/actuator'
25-01-11.12:59:11.928 [main            ] INFO  LogicChainTest         - Started LogicChainTest in 6.96 seconds (JVM running for 8.425)
25-01-11.12:59:12.817 [main            ] INFO  HikariDataSource       - HikariPool-1 - Starting...
25-01-11.12:59:13.461 [main            ] INFO  HikariDataSource       - HikariPool-1 - Start completed.
25-01-11.12:59:13.613 [main            ] INFO  LogicChainTest         - 测试结果：true
25-01-11.12:59:13.634 [main            ] INFO  LogicChainTest         - 测试结果：true
25-01-11.12:59:13.660 [main            ] INFO  LogicChainTest         - 测试结果：true
25-01-11.12:59:13.743 [SpringApplicationShutdownHook] INFO  HikariDataSource       - HikariPool-1 - Shutdown initiated...
25-01-11.12:59:13.753 [SpringApplicationShutdownHook] INFO  HikariDataSource       - HikariPool-1 - Shutdown completed.
25-01-11.13:00:24.845 [main            ] INFO  LogicChainTest         - Starting LogicChainTest using Java 1.8.0_311 on liuguanzedeMBP with PID 9730 (started by carson in /Users/carson/Desktop/Microservice/big-market/big-market-app)
25-01-11.13:00:24.848 [main            ] INFO  LogicChainTest         - The following 1 profile is active: "dev"
25-01-11.13:00:26.216 [main            ] INFO  RepositoryConfigurationDelegate - Multiple Spring Data modules found, entering strict repository configuration mode
25-01-11.13:00:26.221 [main            ] INFO  RepositoryConfigurationDelegate - Bootstrapping Spring Data Redis repositories in DEFAULT mode.
25-01-11.13:00:26.278 [main            ] INFO  RepositoryConfigurationDelegate - Finished Spring Data repository scanning in 31 ms. Found 0 Redis repository interfaces.
25-01-11.13:00:28.368 [main            ] INFO  Version                - Redisson 3.23.4
25-01-11.13:00:28.488 [main            ] WARN  DnsServerAddressStreamProviders - Can not find io.netty.resolver.dns.macos.MacOSDnsServerAddressStreamProvider in the classpath, fallback to system defaults. This may result in incorrect DNS resolutions on MacOS. Check whether you have a dependency on 'io.netty:netty-resolver-dns-native-macos'
25-01-11.13:00:28.999 [redisson-netty-2-4] INFO  MasterPubSubConnectionPool - 1 connections initialized for 127.0.0.1/127.0.0.1:16379
25-01-11.13:00:29.033 [redisson-netty-2-13] INFO  MasterConnectionPool   - 5 connections initialized for 127.0.0.1/127.0.0.1:16379
25-01-11.13:00:31.394 [main            ] INFO  EndpointLinksResolver  - Exposing 1 endpoint(s) beneath base path '/actuator'
25-01-11.13:00:31.480 [main            ] INFO  LogicChainTest         - Started LogicChainTest in 7.317 seconds (JVM running for 8.843)
25-01-11.13:00:32.467 [main            ] INFO  HikariDataSource       - HikariPool-1 - Starting...
25-01-11.13:00:33.142 [main            ] INFO  HikariDataSource       - HikariPool-1 - Start completed.
25-01-11.13:00:33.305 [main            ] INFO  LogicChainTest         - 测试结果：true
25-01-11.13:00:33.325 [main            ] INFO  LogicChainTest         - 测试结果：true
25-01-11.13:00:33.351 [main            ] INFO  LogicChainTest         - 测试结果：true
25-01-11.13:02:39.335 [SpringApplicationShutdownHook] INFO  HikariDataSource       - HikariPool-1 - Shutdown initiated...
25-01-11.13:02:39.349 [SpringApplicationShutdownHook] INFO  HikariDataSource       - HikariPool-1 - Shutdown completed.
25-01-11.13:02:41.840 [main            ] INFO  LogicChainTest         - Starting LogicChainTest using Java 1.8.0_311 on liuguanzedeMBP with PID 9825 (started by carson in /Users/carson/Desktop/Microservice/big-market/big-market-app)
25-01-11.13:02:41.842 [main            ] INFO  LogicChainTest         - The following 1 profile is active: "dev"
25-01-11.13:02:42.790 [main            ] INFO  RepositoryConfigurationDelegate - Multiple Spring Data modules found, entering strict repository configuration mode
25-01-11.13:02:42.793 [main            ] INFO  RepositoryConfigurationDelegate - Bootstrapping Spring Data Redis repositories in DEFAULT mode.
25-01-11.13:02:42.828 [main            ] INFO  RepositoryConfigurationDelegate - Finished Spring Data repository scanning in 18 ms. Found 0 Redis repository interfaces.
25-01-11.13:02:44.255 [main            ] INFO  Version                - Redisson 3.23.4
25-01-11.13:02:44.320 [main            ] WARN  DnsServerAddressStreamProviders - Can not find io.netty.resolver.dns.macos.MacOSDnsServerAddressStreamProvider in the classpath, fallback to system defaults. This may result in incorrect DNS resolutions on MacOS. Check whether you have a dependency on 'io.netty:netty-resolver-dns-native-macos'
25-01-11.13:02:44.653 [redisson-netty-2-4] INFO  MasterPubSubConnectionPool - 1 connections initialized for 127.0.0.1/127.0.0.1:16379
25-01-11.13:02:44.681 [redisson-netty-2-13] INFO  MasterConnectionPool   - 5 connections initialized for 127.0.0.1/127.0.0.1:16379
25-01-11.13:02:46.631 [main            ] INFO  EndpointLinksResolver  - Exposing 1 endpoint(s) beneath base path '/actuator'
25-01-11.13:02:46.714 [main            ] INFO  LogicChainTest         - Started LogicChainTest in 5.317 seconds (JVM running for 6.44)
25-01-11.13:02:47.728 [main            ] INFO  HikariDataSource       - HikariPool-1 - Starting...
25-01-11.13:02:48.700 [main            ] INFO  HikariDataSource       - HikariPool-1 - Start completed.
25-01-11.13:02:48.835 [main            ] INFO  LogicChainTest         - 测试结果：true
25-01-11.13:02:48.850 [main            ] INFO  LogicChainTest         - 测试结果：true
25-01-11.13:02:48.876 [main            ] INFO  LogicChainTest         - 测试结果：true
25-01-11.13:02:58.479 [SpringApplicationShutdownHook] INFO  HikariDataSource       - HikariPool-1 - Shutdown initiated...
25-01-11.13:02:58.521 [SpringApplicationShutdownHook] INFO  HikariDataSource       - HikariPool-1 - Shutdown completed.
25-01-11.13:03:01.420 [main            ] INFO  LogicChainTest         - Starting LogicChainTest using Java 1.8.0_311 on liuguanzedeMBP with PID 9854 (started by carson in /Users/carson/Desktop/Microservice/big-market/big-market-app)
25-01-11.13:03:01.421 [main            ] INFO  LogicChainTest         - The following 1 profile is active: "dev"
25-01-11.13:03:02.396 [main            ] INFO  RepositoryConfigurationDelegate - Multiple Spring Data modules found, entering strict repository configuration mode
25-01-11.13:03:02.401 [main            ] INFO  RepositoryConfigurationDelegate - Bootstrapping Spring Data Redis repositories in DEFAULT mode.
25-01-11.13:03:02.446 [main            ] INFO  RepositoryConfigurationDelegate - Finished Spring Data repository scanning in 23 ms. Found 0 Redis repository interfaces.
25-01-11.13:03:03.965 [main            ] INFO  Version                - Redisson 3.23.4
25-01-11.13:03:04.047 [main            ] WARN  DnsServerAddressStreamProviders - Can not find io.netty.resolver.dns.macos.MacOSDnsServerAddressStreamProvider in the classpath, fallback to system defaults. This may result in incorrect DNS resolutions on MacOS. Check whether you have a dependency on 'io.netty:netty-resolver-dns-native-macos'
25-01-11.13:03:04.409 [redisson-netty-2-4] INFO  MasterPubSubConnectionPool - 1 connections initialized for 127.0.0.1/127.0.0.1:16379
25-01-11.13:03:04.439 [redisson-netty-2-13] INFO  MasterConnectionPool   - 5 connections initialized for 127.0.0.1/127.0.0.1:16379
25-01-11.13:03:06.583 [main            ] INFO  EndpointLinksResolver  - Exposing 1 endpoint(s) beneath base path '/actuator'
25-01-11.13:03:06.660 [main            ] INFO  LogicChainTest         - Started LogicChainTest in 5.752 seconds (JVM running for 7.104)
25-01-11.13:03:07.433 [main            ] INFO  HikariDataSource       - HikariPool-1 - Starting...
25-01-11.13:03:08.077 [main            ] INFO  HikariDataSource       - HikariPool-1 - Start completed.
25-01-11.13:03:08.193 [main            ] INFO  LogicChainTest         - 测试结果：true
25-01-11.13:03:08.208 [main            ] INFO  LogicChainTest         - 测试结果：true
25-01-11.13:03:08.230 [main            ] INFO  LogicChainTest         - 测试结果：true
25-01-11.13:04:11.939 [HikariPool-1 housekeeper] WARN  HikariPool             - HikariPool-1 - Thread starvation or clock leap detected (housekeeper delta=1m3s760ms).
25-01-11.13:05:25.661 [HikariPool-1 housekeeper] WARN  HikariPool             - HikariPool-1 - Thread starvation or clock leap detected (housekeeper delta=1m13s723ms).
25-01-11.13:05:25.669 [redisson-timer-4-1] ERROR PingConnectionHandler  - Unable to send PING command over channel: [id: 0xb14ed20f, L:/127.0.0.1:51431 - R:127.0.0.1/127.0.0.1:16379]
org.redisson.client.RedisTimeoutException: Command execution timeout for command: (PING), params: [], Redis client: [addr=redis://127.0.0.1:16379]
	at org.redisson.client.RedisConnection.lambda$async$0(RedisConnection.java:256)
	at io.netty.util.HashedWheelTimer$HashedWheelTimeout.run(HashedWheelTimer.java:715)
	at io.netty.util.concurrent.ImmediateExecutor.execute(ImmediateExecutor.java:34)
	at io.netty.util.HashedWheelTimer$HashedWheelTimeout.expire(HashedWheelTimer.java:703)
	at io.netty.util.HashedWheelTimer$HashedWheelBucket.expireTimeouts(HashedWheelTimer.java:790)
	at io.netty.util.HashedWheelTimer$Worker.run(HashedWheelTimer.java:503)
	at io.netty.util.concurrent.FastThreadLocalRunnable.run(FastThreadLocalRunnable.java:30)
	at java.lang.Thread.run(Thread.java:748)
25-01-11.13:05:25.746 [SpringApplicationShutdownHook] INFO  HikariDataSource       - HikariPool-1 - Shutdown initiated...
25-01-11.13:05:25.757 [SpringApplicationShutdownHook] INFO  HikariDataSource       - HikariPool-1 - Shutdown completed.
25-01-11.13:08:23.121 [main            ] INFO  LogicChainTest         - Starting LogicChainTest using Java 1.8.0_311 on liuguanzedeMBP with PID 10086 (started by carson in /Users/carson/Desktop/Microservice/big-market/big-market-app)
25-01-11.13:08:23.122 [main            ] INFO  LogicChainTest         - The following 1 profile is active: "dev"
25-01-11.13:08:24.056 [main            ] INFO  RepositoryConfigurationDelegate - Multiple Spring Data modules found, entering strict repository configuration mode
25-01-11.13:08:24.058 [main            ] INFO  RepositoryConfigurationDelegate - Bootstrapping Spring Data Redis repositories in DEFAULT mode.
25-01-11.13:08:24.089 [main            ] INFO  RepositoryConfigurationDelegate - Finished Spring Data repository scanning in 17 ms. Found 0 Redis repository interfaces.
25-01-11.13:08:25.467 [main            ] INFO  Version                - Redisson 3.23.4
25-01-11.13:08:25.552 [main            ] WARN  DnsServerAddressStreamProviders - Can not find io.netty.resolver.dns.macos.MacOSDnsServerAddressStreamProvider in the classpath, fallback to system defaults. This may result in incorrect DNS resolutions on MacOS. Check whether you have a dependency on 'io.netty:netty-resolver-dns-native-macos'
25-01-11.13:08:25.794 [redisson-netty-2-4] INFO  MasterPubSubConnectionPool - 1 connections initialized for 127.0.0.1/127.0.0.1:16379
25-01-11.13:08:25.821 [redisson-netty-2-13] INFO  MasterConnectionPool   - 5 connections initialized for 127.0.0.1/127.0.0.1:16379
25-01-11.13:08:27.883 [main            ] INFO  EndpointLinksResolver  - Exposing 1 endpoint(s) beneath base path '/actuator'
25-01-11.13:08:27.968 [main            ] INFO  LogicChainTest         - Started LogicChainTest in 5.259 seconds (JVM running for 6.159)
25-01-11.13:08:28.712 [main            ] INFO  HikariDataSource       - HikariPool-1 - Starting...
25-01-11.13:08:29.211 [main            ] INFO  HikariDataSource       - HikariPool-1 - Start completed.
25-01-11.13:08:29.316 [main            ] INFO  LogicChainTest         - 测试结果：true
25-01-11.13:08:29.330 [main            ] INFO  LogicChainTest         - 测试结果：true
25-01-11.13:08:29.375 [main            ] INFO  LogicChainTest         - 测试结果：true
25-01-11.13:08:29.457 [SpringApplicationShutdownHook] INFO  HikariDataSource       - HikariPool-1 - Shutdown initiated...
25-01-11.13:08:29.471 [SpringApplicationShutdownHook] INFO  HikariDataSource       - HikariPool-1 - Shutdown completed.
25-01-11.13:10:20.569 [main            ] INFO  LogicChainTest         - Starting LogicChainTest using Java 1.8.0_311 on liuguanzedeMBP with PID 10192 (started by carson in /Users/carson/Desktop/Microservice/big-market/big-market-app)
25-01-11.13:10:20.570 [main            ] INFO  LogicChainTest         - The following 1 profile is active: "dev"
25-01-11.13:10:21.455 [main            ] INFO  RepositoryConfigurationDelegate - Multiple Spring Data modules found, entering strict repository configuration mode
25-01-11.13:10:21.458 [main            ] INFO  RepositoryConfigurationDelegate - Bootstrapping Spring Data Redis repositories in DEFAULT mode.
25-01-11.13:10:21.501 [main            ] INFO  RepositoryConfigurationDelegate - Finished Spring Data repository scanning in 27 ms. Found 0 Redis repository interfaces.
25-01-11.13:10:22.925 [main            ] INFO  Version                - Redisson 3.23.4
25-01-11.13:10:22.996 [main            ] WARN  DnsServerAddressStreamProviders - Can not find io.netty.resolver.dns.macos.MacOSDnsServerAddressStreamProvider in the classpath, fallback to system defaults. This may result in incorrect DNS resolutions on MacOS. Check whether you have a dependency on 'io.netty:netty-resolver-dns-native-macos'
25-01-11.13:10:23.271 [redisson-netty-2-4] INFO  MasterPubSubConnectionPool - 1 connections initialized for 127.0.0.1/127.0.0.1:16379
25-01-11.13:10:23.296 [redisson-netty-2-13] INFO  MasterConnectionPool   - 5 connections initialized for 127.0.0.1/127.0.0.1:16379
25-01-11.13:10:24.999 [main            ] INFO  EndpointLinksResolver  - Exposing 1 endpoint(s) beneath base path '/actuator'
25-01-11.13:10:25.065 [main            ] INFO  LogicChainTest         - Started LogicChainTest in 4.887 seconds (JVM running for 5.79)
25-01-11.13:10:25.755 [main            ] INFO  HikariDataSource       - HikariPool-1 - Starting...
25-01-11.13:10:26.325 [main            ] INFO  HikariDataSource       - HikariPool-1 - Start completed.
25-01-11.13:10:26.430 [main            ] INFO  LogicChainTest         - 测试结果：true
25-01-11.13:10:26.445 [main            ] INFO  LogicChainTest         - 测试结果：true
25-01-11.13:10:26.469 [main            ] INFO  LogicChainTest         - 测试结果：true
25-01-11.13:10:26.534 [SpringApplicationShutdownHook] INFO  HikariDataSource       - HikariPool-1 - Shutdown initiated...
25-01-11.13:10:26.582 [SpringApplicationShutdownHook] INFO  HikariDataSource       - HikariPool-1 - Shutdown completed.
25-01-11.13:11:13.810 [main            ] INFO  LogicChainTest         - Starting LogicChainTest using Java 1.8.0_311 on liuguanzedeMBP with PID 10237 (started by carson in /Users/carson/Desktop/Microservice/big-market/big-market-app)
25-01-11.13:11:13.811 [main            ] INFO  LogicChainTest         - The following 1 profile is active: "dev"
25-01-11.13:11:14.629 [main            ] INFO  RepositoryConfigurationDelegate - Multiple Spring Data modules found, entering strict repository configuration mode
25-01-11.13:11:14.633 [main            ] INFO  RepositoryConfigurationDelegate - Bootstrapping Spring Data Redis repositories in DEFAULT mode.
25-01-11.13:11:14.675 [main            ] INFO  RepositoryConfigurationDelegate - Finished Spring Data repository scanning in 26 ms. Found 0 Redis repository interfaces.
25-01-11.13:11:16.174 [main            ] INFO  Version                - Redisson 3.23.4
25-01-11.13:11:16.247 [main            ] WARN  DnsServerAddressStreamProviders - Can not find io.netty.resolver.dns.macos.MacOSDnsServerAddressStreamProvider in the classpath, fallback to system defaults. This may result in incorrect DNS resolutions on MacOS. Check whether you have a dependency on 'io.netty:netty-resolver-dns-native-macos'
25-01-11.13:11:16.538 [redisson-netty-2-5] INFO  MasterPubSubConnectionPool - 1 connections initialized for 127.0.0.1/127.0.0.1:16379
25-01-11.13:11:16.567 [redisson-netty-2-13] INFO  MasterConnectionPool   - 5 connections initialized for 127.0.0.1/127.0.0.1:16379
25-01-11.13:11:18.639 [main            ] INFO  EndpointLinksResolver  - Exposing 1 endpoint(s) beneath base path '/actuator'
25-01-11.13:11:18.711 [main            ] INFO  LogicChainTest         - Started LogicChainTest in 5.31 seconds (JVM running for 6.278)
25-01-11.13:11:19.382 [main            ] INFO  HikariDataSource       - HikariPool-1 - Starting...
25-01-11.13:11:19.858 [main            ] INFO  HikariDataSource       - HikariPool-1 - Start completed.
25-01-11.13:11:19.980 [main            ] INFO  LogicChainTest         - 测试结果：true
25-01-11.13:11:19.994 [main            ] INFO  LogicChainTest         - 测试结果：true
25-01-11.13:11:20.019 [main            ] INFO  LogicChainTest         - 测试结果：true
25-01-11.13:11:20.082 [SpringApplicationShutdownHook] INFO  HikariDataSource       - HikariPool-1 - Shutdown initiated...
25-01-11.13:11:20.093 [SpringApplicationShutdownHook] INFO  HikariDataSource       - HikariPool-1 - Shutdown completed.
25-01-11.13:12:30.901 [main            ] INFO  LogicChainTest         - Starting LogicChainTest using Java 1.8.0_311 on liuguanzedeMBP with PID 10303 (started by carson in /Users/carson/Desktop/Microservice/big-market/big-market-app)
25-01-11.13:12:30.902 [main            ] INFO  LogicChainTest         - The following 1 profile is active: "dev"
25-01-11.13:12:31.828 [main            ] INFO  RepositoryConfigurationDelegate - Multiple Spring Data modules found, entering strict repository configuration mode
25-01-11.13:12:31.831 [main            ] INFO  RepositoryConfigurationDelegate - Bootstrapping Spring Data Redis repositories in DEFAULT mode.
25-01-11.13:12:31.872 [main            ] INFO  RepositoryConfigurationDelegate - Finished Spring Data repository scanning in 25 ms. Found 0 Redis repository interfaces.
25-01-11.13:12:33.318 [main            ] INFO  Version                - Redisson 3.23.4
25-01-11.13:12:33.389 [main            ] WARN  DnsServerAddressStreamProviders - Can not find io.netty.resolver.dns.macos.MacOSDnsServerAddressStreamProvider in the classpath, fallback to system defaults. This may result in incorrect DNS resolutions on MacOS. Check whether you have a dependency on 'io.netty:netty-resolver-dns-native-macos'
25-01-11.13:12:33.675 [redisson-netty-2-5] INFO  MasterPubSubConnectionPool - 1 connections initialized for 127.0.0.1/127.0.0.1:16379
25-01-11.13:12:33.701 [redisson-netty-2-13] INFO  MasterConnectionPool   - 5 connections initialized for 127.0.0.1/127.0.0.1:16379
25-01-11.13:12:35.435 [main            ] INFO  EndpointLinksResolver  - Exposing 1 endpoint(s) beneath base path '/actuator'
25-01-11.13:12:35.498 [main            ] INFO  LogicChainTest         - Started LogicChainTest in 5.016 seconds (JVM running for 5.872)
25-01-11.13:12:35.937 [main            ] INFO  HikariDataSource       - HikariPool-1 - Starting...
25-01-11.13:12:36.498 [main            ] INFO  HikariDataSource       - HikariPool-1 - Start completed.
25-01-11.13:12:36.903 [main            ] INFO  LogicChainTest         - 测试结果：true
25-01-11.13:12:36.931 [main            ] INFO  LogicChainTest         - 测试结果：true
25-01-11.13:12:36.968 [main            ] INFO  LogicChainTest         - 测试结果：true
25-01-11.13:12:37.042 [SpringApplicationShutdownHook] INFO  HikariDataSource       - HikariPool-1 - Shutdown initiated...
25-01-11.13:12:37.055 [SpringApplicationShutdownHook] INFO  HikariDataSource       - HikariPool-1 - Shutdown completed.
25-01-11.13:15:48.142 [main            ] INFO  LogicChainTest         - Starting LogicChainTest using Java 1.8.0_311 on liuguanzedeMBP with PID 10600 (started by carson in /Users/carson/Desktop/Microservice/big-market/big-market-app)
25-01-11.13:15:48.143 [main            ] INFO  LogicChainTest         - The following 1 profile is active: "dev"
25-01-11.13:15:49.025 [main            ] INFO  RepositoryConfigurationDelegate - Multiple Spring Data modules found, entering strict repository configuration mode
25-01-11.13:15:49.029 [main            ] INFO  RepositoryConfigurationDelegate - Bootstrapping Spring Data Redis repositories in DEFAULT mode.
25-01-11.13:15:49.058 [main            ] INFO  RepositoryConfigurationDelegate - Finished Spring Data repository scanning in 14 ms. Found 0 Redis repository interfaces.
25-01-11.13:15:50.469 [main            ] INFO  Version                - Redisson 3.23.4
25-01-11.13:15:50.554 [main            ] WARN  DnsServerAddressStreamProviders - Can not find io.netty.resolver.dns.macos.MacOSDnsServerAddressStreamProvider in the classpath, fallback to system defaults. This may result in incorrect DNS resolutions on MacOS. Check whether you have a dependency on 'io.netty:netty-resolver-dns-native-macos'
25-01-11.13:15:50.852 [redisson-netty-2-5] INFO  MasterPubSubConnectionPool - 1 connections initialized for 127.0.0.1/127.0.0.1:16379
25-01-11.13:15:50.879 [redisson-netty-2-13] INFO  MasterConnectionPool   - 5 connections initialized for 127.0.0.1/127.0.0.1:16379
25-01-11.13:15:52.525 [main            ] INFO  EndpointLinksResolver  - Exposing 1 endpoint(s) beneath base path '/actuator'
25-01-11.13:15:52.602 [main            ] INFO  LogicChainTest         - Started LogicChainTest in 4.923 seconds (JVM running for 5.8)
25-01-11.13:15:53.323 [main            ] INFO  HikariDataSource       - HikariPool-1 - Starting...
25-01-11.13:15:53.911 [main            ] INFO  HikariDataSource       - HikariPool-1 - Start completed.
25-01-11.13:15:54.037 [main            ] INFO  LogicChainTest         - 测试结果：true
25-01-11.13:15:54.049 [main            ] INFO  LogicChainTest         - 测试结果：true
25-01-11.13:15:54.070 [main            ] INFO  LogicChainTest         - 测试结果：true
25-01-11.13:15:54.081 [main            ] INFO  DefaultLogicChain      - 抽奖责任链-默认处理 userId: user001 strategyId: 100003 ruleModel: default awardId: 107
25-01-11.13:15:54.081 [main            ] INFO  LogicChainTest         - 测试结果：107
25-01-11.13:15:54.138 [SpringApplicationShutdownHook] INFO  HikariDataSource       - HikariPool-1 - Shutdown initiated...
25-01-11.13:15:54.174 [SpringApplicationShutdownHook] INFO  HikariDataSource       - HikariPool-1 - Shutdown completed.
25-01-11.13:16:13.980 [main            ] INFO  LogicChainTest         - Starting LogicChainTest using Java 1.8.0_311 on liuguanzedeMBP with PID 10625 (started by carson in /Users/carson/Desktop/Microservice/big-market/big-market-app)
25-01-11.13:16:13.981 [main            ] INFO  LogicChainTest         - The following 1 profile is active: "dev"
25-01-11.13:16:14.771 [main            ] INFO  RepositoryConfigurationDelegate - Multiple Spring Data modules found, entering strict repository configuration mode
25-01-11.13:16:14.775 [main            ] INFO  RepositoryConfigurationDelegate - Bootstrapping Spring Data Redis repositories in DEFAULT mode.
25-01-11.13:16:14.817 [main            ] INFO  RepositoryConfigurationDelegate - Finished Spring Data repository scanning in 26 ms. Found 0 Redis repository interfaces.
25-01-11.13:16:16.054 [main            ] INFO  Version                - Redisson 3.23.4
25-01-11.13:16:16.128 [main            ] WARN  DnsServerAddressStreamProviders - Can not find io.netty.resolver.dns.macos.MacOSDnsServerAddressStreamProvider in the classpath, fallback to system defaults. This may result in incorrect DNS resolutions on MacOS. Check whether you have a dependency on 'io.netty:netty-resolver-dns-native-macos'
25-01-11.13:16:16.409 [redisson-netty-2-5] INFO  MasterPubSubConnectionPool - 1 connections initialized for 127.0.0.1/127.0.0.1:16379
25-01-11.13:16:16.435 [redisson-netty-2-13] INFO  MasterConnectionPool   - 5 connections initialized for 127.0.0.1/127.0.0.1:16379
25-01-11.13:16:18.181 [main            ] INFO  EndpointLinksResolver  - Exposing 1 endpoint(s) beneath base path '/actuator'
25-01-11.13:16:18.240 [main            ] INFO  LogicChainTest         - Started LogicChainTest in 4.651 seconds (JVM running for 5.498)
25-01-11.13:16:19.015 [main            ] INFO  HikariDataSource       - HikariPool-1 - Starting...
25-01-11.13:16:19.639 [main            ] INFO  HikariDataSource       - HikariPool-1 - Start completed.
25-01-11.13:16:19.791 [main            ] INFO  LogicChainTest         - 测试结果：true
25-01-11.13:16:19.834 [main            ] INFO  LogicChainTest         - 测试结果：true
25-01-11.13:16:19.897 [main            ] INFO  LogicChainTest         - 测试结果：true
25-01-11.13:16:20.000 [SpringApplicationShutdownHook] INFO  HikariDataSource       - HikariPool-1 - Shutdown initiated...
25-01-11.13:16:20.044 [SpringApplicationShutdownHook] INFO  HikariDataSource       - HikariPool-1 - Shutdown completed.
25-01-11.13:19:36.911 [main            ] INFO  LogicChainTest         - Starting LogicChainTest using Java 1.8.0_311 on liuguanzedeMBP with PID 10776 (started by carson in /Users/carson/Desktop/Microservice/big-market/big-market-app)
25-01-11.13:19:36.912 [main            ] INFO  LogicChainTest         - The following 1 profile is active: "dev"
25-01-11.13:19:38.212 [main            ] INFO  RepositoryConfigurationDelegate - Multiple Spring Data modules found, entering strict repository configuration mode
25-01-11.13:19:38.216 [main            ] INFO  RepositoryConfigurationDelegate - Bootstrapping Spring Data Redis repositories in DEFAULT mode.
25-01-11.13:19:38.255 [main            ] INFO  RepositoryConfigurationDelegate - Finished Spring Data repository scanning in 20 ms. Found 0 Redis repository interfaces.
25-01-11.13:19:39.839 [main            ] INFO  Version                - Redisson 3.23.4
25-01-11.13:19:39.911 [main            ] WARN  DnsServerAddressStreamProviders - Can not find io.netty.resolver.dns.macos.MacOSDnsServerAddressStreamProvider in the classpath, fallback to system defaults. This may result in incorrect DNS resolutions on MacOS. Check whether you have a dependency on 'io.netty:netty-resolver-dns-native-macos'
25-01-11.13:19:40.240 [redisson-netty-2-4] INFO  MasterPubSubConnectionPool - 1 connections initialized for 127.0.0.1/127.0.0.1:16379
25-01-11.13:19:40.267 [redisson-netty-2-13] INFO  MasterConnectionPool   - 5 connections initialized for 127.0.0.1/127.0.0.1:16379
25-01-11.13:19:42.177 [main            ] INFO  EndpointLinksResolver  - Exposing 1 endpoint(s) beneath base path '/actuator'
25-01-11.13:19:42.255 [main            ] INFO  LogicChainTest         - Started LogicChainTest in 5.851 seconds (JVM running for 7.313)
25-01-11.13:19:43.094 [main            ] INFO  HikariDataSource       - HikariPool-1 - Starting...
25-01-11.13:19:43.720 [main            ] INFO  HikariDataSource       - HikariPool-1 - Start completed.
25-01-11.13:19:43.824 [main            ] INFO  LogicChainTest         - 测试结果：true
25-01-11.13:19:43.841 [main            ] INFO  LogicChainTest         - 测试结果：true
25-01-11.13:19:43.874 [main            ] INFO  LogicChainTest         - 测试结果：true
25-01-11.13:22:22.384 [HikariPool-1 housekeeper] WARN  HikariPool             - HikariPool-1 - Thread starvation or clock leap detected (housekeeper delta=2m38s556ms).
25-01-11.13:22:22.506 [SpringApplicationShutdownHook] INFO  HikariDataSource       - HikariPool-1 - Shutdown initiated...
25-01-11.13:22:22.545 [SpringApplicationShutdownHook] INFO  HikariDataSource       - HikariPool-1 - Shutdown completed.
25-01-11.13:22:28.208 [main            ] INFO  LogicChainTest         - Starting LogicChainTest using Java 1.8.0_311 on liuguanzedeMBP with PID 10899 (started by carson in /Users/carson/Desktop/Microservice/big-market/big-market-app)
25-01-11.13:22:28.209 [main            ] INFO  LogicChainTest         - The following 1 profile is active: "dev"
25-01-11.13:22:29.023 [main            ] INFO  RepositoryConfigurationDelegate - Multiple Spring Data modules found, entering strict repository configuration mode
25-01-11.13:22:29.026 [main            ] INFO  RepositoryConfigurationDelegate - Bootstrapping Spring Data Redis repositories in DEFAULT mode.
25-01-11.13:22:29.069 [main            ] INFO  RepositoryConfigurationDelegate - Finished Spring Data repository scanning in 26 ms. Found 0 Redis repository interfaces.
25-01-11.13:22:30.263 [main            ] INFO  Version                - Redisson 3.23.4
25-01-11.13:22:30.321 [main            ] WARN  DnsServerAddressStreamProviders - Can not find io.netty.resolver.dns.macos.MacOSDnsServerAddressStreamProvider in the classpath, fallback to system defaults. This may result in incorrect DNS resolutions on MacOS. Check whether you have a dependency on 'io.netty:netty-resolver-dns-native-macos'
25-01-11.13:22:30.564 [redisson-netty-2-4] INFO  MasterPubSubConnectionPool - 1 connections initialized for 127.0.0.1/127.0.0.1:16379
25-01-11.13:22:30.589 [redisson-netty-2-13] INFO  MasterConnectionPool   - 5 connections initialized for 127.0.0.1/127.0.0.1:16379
25-01-11.13:22:32.150 [main            ] INFO  EndpointLinksResolver  - Exposing 1 endpoint(s) beneath base path '/actuator'
25-01-11.13:22:32.206 [main            ] INFO  LogicChainTest         - Started LogicChainTest in 4.45 seconds (JVM running for 5.322)
25-01-11.13:22:32.845 [main            ] INFO  HikariDataSource       - HikariPool-1 - Starting...
25-01-11.13:22:33.363 [main            ] INFO  HikariDataSource       - HikariPool-1 - Start completed.
25-01-11.13:22:33.462 [main            ] INFO  LogicChainTest         - 测试结果：true
25-01-11.13:22:33.472 [main            ] INFO  LogicChainTest         - 测试结果：true
25-01-11.13:22:33.493 [main            ] INFO  LogicChainTest         - 测试结果：true
25-01-11.13:22:33.497 [main            ] INFO  RuleWeightLogicChain   - 抽奖责任链-权重开始 userId: user001 strategyId: 100001 ruleModel: rule_weight
25-01-11.13:22:33.537 [main            ] INFO  RuleWeightLogicChain   - 抽奖责任链-权重放行 userId: user001 strategyId: 100001 ruleModel: rule_weight
25-01-11.13:22:33.599 [SpringApplicationShutdownHook] INFO  HikariDataSource       - HikariPool-1 - Shutdown initiated...
25-01-11.13:22:33.633 [SpringApplicationShutdownHook] INFO  HikariDataSource       - HikariPool-1 - Shutdown completed.
25-01-11.13:23:53.685 [main            ] INFO  LogicChainTest         - Starting LogicChainTest using Java 1.8.0_311 on liuguanzedeMBP with PID 10954 (started by carson in /Users/carson/Desktop/Microservice/big-market/big-market-app)
25-01-11.13:23:53.687 [main            ] INFO  LogicChainTest         - The following 1 profile is active: "dev"
25-01-11.13:23:54.462 [main            ] INFO  RepositoryConfigurationDelegate - Multiple Spring Data modules found, entering strict repository configuration mode
25-01-11.13:23:54.466 [main            ] INFO  RepositoryConfigurationDelegate - Bootstrapping Spring Data Redis repositories in DEFAULT mode.
25-01-11.13:23:54.503 [main            ] INFO  RepositoryConfigurationDelegate - Finished Spring Data repository scanning in 17 ms. Found 0 Redis repository interfaces.
25-01-11.13:23:55.688 [main            ] INFO  Version                - Redisson 3.23.4
25-01-11.13:23:55.753 [main            ] WARN  DnsServerAddressStreamProviders - Can not find io.netty.resolver.dns.macos.MacOSDnsServerAddressStreamProvider in the classpath, fallback to system defaults. This may result in incorrect DNS resolutions on MacOS. Check whether you have a dependency on 'io.netty:netty-resolver-dns-native-macos'
25-01-11.13:23:56.011 [redisson-netty-2-4] INFO  MasterPubSubConnectionPool - 1 connections initialized for 127.0.0.1/127.0.0.1:16379
25-01-11.13:23:56.036 [redisson-netty-2-13] INFO  MasterConnectionPool   - 5 connections initialized for 127.0.0.1/127.0.0.1:16379
25-01-11.13:23:57.576 [main            ] INFO  EndpointLinksResolver  - Exposing 1 endpoint(s) beneath base path '/actuator'
25-01-11.13:23:57.629 [main            ] INFO  LogicChainTest         - Started LogicChainTest in 4.356 seconds (JVM running for 5.294)
25-01-11.13:23:58.323 [main            ] INFO  HikariDataSource       - HikariPool-1 - Starting...
25-01-11.13:23:58.722 [main            ] INFO  HikariDataSource       - HikariPool-1 - Start completed.
25-01-11.13:23:58.816 [main            ] INFO  LogicChainTest         - 测试结果：true
25-01-11.13:23:58.828 [main            ] INFO  LogicChainTest         - 测试结果：true
25-01-11.13:23:58.852 [main            ] INFO  LogicChainTest         - 测试结果：true
25-01-11.13:23:58.858 [main            ] INFO  RuleWeightLogicChain   - 抽奖责任链-权重开始 userId: user001 strategyId: 100001 ruleModel: rule_weight
25-01-11.13:23:58.891 [main            ] INFO  RuleWeightLogicChain   - 抽奖责任链-权重放行 userId: user001 strategyId: 100001 ruleModel: rule_weight
25-01-11.13:23:58.947 [SpringApplicationShutdownHook] INFO  HikariDataSource       - HikariPool-1 - Shutdown initiated...
25-01-11.13:23:58.970 [SpringApplicationShutdownHook] INFO  HikariDataSource       - HikariPool-1 - Shutdown completed.
25-01-11.13:25:44.175 [main            ] INFO  LogicChainTest         - Starting LogicChainTest using Java 1.8.0_311 on liuguanzedeMBP with PID 11041 (started by carson in /Users/carson/Desktop/Microservice/big-market/big-market-app)
25-01-11.13:25:44.176 [main            ] INFO  LogicChainTest         - The following 1 profile is active: "dev"
25-01-11.13:25:44.965 [main            ] INFO  RepositoryConfigurationDelegate - Multiple Spring Data modules found, entering strict repository configuration mode
25-01-11.13:25:44.968 [main            ] INFO  RepositoryConfigurationDelegate - Bootstrapping Spring Data Redis repositories in DEFAULT mode.
25-01-11.13:25:45.000 [main            ] INFO  RepositoryConfigurationDelegate - Finished Spring Data repository scanning in 17 ms. Found 0 Redis repository interfaces.
25-01-11.13:25:46.250 [main            ] INFO  Version                - Redisson 3.23.4
25-01-11.13:25:46.318 [main            ] WARN  DnsServerAddressStreamProviders - Can not find io.netty.resolver.dns.macos.MacOSDnsServerAddressStreamProvider in the classpath, fallback to system defaults. This may result in incorrect DNS resolutions on MacOS. Check whether you have a dependency on 'io.netty:netty-resolver-dns-native-macos'
25-01-11.13:25:46.563 [redisson-netty-2-4] INFO  MasterPubSubConnectionPool - 1 connections initialized for 127.0.0.1/127.0.0.1:16379
25-01-11.13:25:46.589 [redisson-netty-2-13] INFO  MasterConnectionPool   - 5 connections initialized for 127.0.0.1/127.0.0.1:16379
25-01-11.13:25:48.426 [main            ] INFO  EndpointLinksResolver  - Exposing 1 endpoint(s) beneath base path '/actuator'
25-01-11.13:25:48.493 [main            ] INFO  LogicChainTest         - Started LogicChainTest in 4.707 seconds (JVM running for 5.595)
25-01-11.13:25:49.168 [main            ] INFO  HikariDataSource       - HikariPool-1 - Starting...
25-01-11.13:25:49.661 [main            ] INFO  HikariDataSource       - HikariPool-1 - Start completed.
25-01-11.13:25:49.769 [main            ] INFO  LogicChainTest         - 测试结果：true
25-01-11.13:25:49.783 [main            ] INFO  LogicChainTest         - 测试结果：true
25-01-11.13:25:49.802 [main            ] INFO  LogicChainTest         - 测试结果：true
25-01-11.13:25:49.860 [SpringApplicationShutdownHook] INFO  HikariDataSource       - HikariPool-1 - Shutdown initiated...
25-01-11.13:25:49.870 [SpringApplicationShutdownHook] INFO  HikariDataSource       - HikariPool-1 - Shutdown completed.
25-01-11.13:26:43.783 [main            ] INFO  LogicChainTest         - Starting LogicChainTest using Java 1.8.0_311 on liuguanzedeMBP with PID 11096 (started by carson in /Users/carson/Desktop/Microservice/big-market/big-market-app)
25-01-11.13:26:43.784 [main            ] INFO  LogicChainTest         - The following 1 profile is active: "dev"
25-01-11.13:26:44.568 [main            ] INFO  RepositoryConfigurationDelegate - Multiple Spring Data modules found, entering strict repository configuration mode
25-01-11.13:26:44.572 [main            ] INFO  RepositoryConfigurationDelegate - Bootstrapping Spring Data Redis repositories in DEFAULT mode.
25-01-11.13:26:44.612 [main            ] INFO  RepositoryConfigurationDelegate - Finished Spring Data repository scanning in 25 ms. Found 0 Redis repository interfaces.
25-01-11.13:26:45.800 [main            ] INFO  Version                - Redisson 3.23.4
25-01-11.13:26:45.860 [main            ] WARN  DnsServerAddressStreamProviders - Can not find io.netty.resolver.dns.macos.MacOSDnsServerAddressStreamProvider in the classpath, fallback to system defaults. This may result in incorrect DNS resolutions on MacOS. Check whether you have a dependency on 'io.netty:netty-resolver-dns-native-macos'
25-01-11.13:26:46.107 [redisson-netty-2-4] INFO  MasterPubSubConnectionPool - 1 connections initialized for 127.0.0.1/127.0.0.1:16379
25-01-11.13:26:46.133 [redisson-netty-2-13] INFO  MasterConnectionPool   - 5 connections initialized for 127.0.0.1/127.0.0.1:16379
25-01-11.13:26:47.731 [main            ] INFO  EndpointLinksResolver  - Exposing 1 endpoint(s) beneath base path '/actuator'
25-01-11.13:26:47.804 [main            ] INFO  LogicChainTest         - Started LogicChainTest in 4.413 seconds (JVM running for 5.346)
25-01-11.13:26:48.526 [main            ] INFO  HikariDataSource       - HikariPool-1 - Starting...
25-01-11.13:26:48.991 [main            ] INFO  HikariDataSource       - HikariPool-1 - Start completed.
25-01-11.13:26:49.107 [main            ] INFO  LogicChainTest         - 测试结果：true
25-01-11.13:26:49.117 [main            ] INFO  LogicChainTest         - 测试结果：true
25-01-11.13:26:49.141 [main            ] INFO  LogicChainTest         - 测试结果：true
25-01-11.13:26:49.202 [SpringApplicationShutdownHook] INFO  HikariDataSource       - HikariPool-1 - Shutdown initiated...
25-01-11.13:26:49.215 [SpringApplicationShutdownHook] INFO  HikariDataSource       - HikariPool-1 - Shutdown completed.
25-01-11.13:27:18.906 [main            ] INFO  LogicChainTest         - Starting LogicChainTest using Java 1.8.0_311 on liuguanzedeMBP with PID 11128 (started by carson in /Users/carson/Desktop/Microservice/big-market/big-market-app)
25-01-11.13:27:18.907 [main            ] INFO  LogicChainTest         - The following 1 profile is active: "dev"
25-01-11.13:27:19.759 [main            ] INFO  RepositoryConfigurationDelegate - Multiple Spring Data modules found, entering strict repository configuration mode
25-01-11.13:27:19.762 [main            ] INFO  RepositoryConfigurationDelegate - Bootstrapping Spring Data Redis repositories in DEFAULT mode.
25-01-11.13:27:19.803 [main            ] INFO  RepositoryConfigurationDelegate - Finished Spring Data repository scanning in 25 ms. Found 0 Redis repository interfaces.
25-01-11.13:27:21.030 [main            ] INFO  Version                - Redisson 3.23.4
25-01-11.13:27:21.094 [main            ] WARN  DnsServerAddressStreamProviders - Can not find io.netty.resolver.dns.macos.MacOSDnsServerAddressStreamProvider in the classpath, fallback to system defaults. This may result in incorrect DNS resolutions on MacOS. Check whether you have a dependency on 'io.netty:netty-resolver-dns-native-macos'
25-01-11.13:27:21.330 [redisson-netty-2-4] INFO  MasterPubSubConnectionPool - 1 connections initialized for 127.0.0.1/127.0.0.1:16379
25-01-11.13:27:21.356 [redisson-netty-2-13] INFO  MasterConnectionPool   - 5 connections initialized for 127.0.0.1/127.0.0.1:16379
25-01-11.13:27:22.992 [main            ] INFO  EndpointLinksResolver  - Exposing 1 endpoint(s) beneath base path '/actuator'
25-01-11.13:27:23.053 [main            ] INFO  LogicChainTest         - Started LogicChainTest in 4.547 seconds (JVM running for 5.511)
25-01-11.13:27:23.855 [main            ] INFO  HikariDataSource       - HikariPool-1 - Starting...
25-01-11.13:27:24.386 [main            ] INFO  HikariDataSource       - HikariPool-1 - Start completed.
25-01-11.13:27:24.508 [main            ] INFO  LogicChainTest         - 测试结果：true
25-01-11.13:27:24.522 [main            ] INFO  LogicChainTest         - 测试结果：true
25-01-11.13:27:24.544 [main            ] INFO  LogicChainTest         - 测试结果：true
25-01-11.13:27:24.615 [SpringApplicationShutdownHook] INFO  HikariDataSource       - HikariPool-1 - Shutdown initiated...
25-01-11.13:27:24.661 [SpringApplicationShutdownHook] INFO  HikariDataSource       - HikariPool-1 - Shutdown completed.
25-01-11.13:30:35.447 [main            ] INFO  LogicChainTest         - Starting LogicChainTest using Java 1.8.0_311 on liuguanzedeMBP with PID 11323 (started by carson in /Users/carson/Desktop/Microservice/big-market/big-market-app)
25-01-11.13:30:35.448 [main            ] INFO  LogicChainTest         - The following 1 profile is active: "dev"
25-01-11.13:30:36.364 [main            ] INFO  RepositoryConfigurationDelegate - Multiple Spring Data modules found, entering strict repository configuration mode
25-01-11.13:30:36.368 [main            ] INFO  RepositoryConfigurationDelegate - Bootstrapping Spring Data Redis repositories in DEFAULT mode.
25-01-11.13:30:36.407 [main            ] INFO  RepositoryConfigurationDelegate - Finished Spring Data repository scanning in 20 ms. Found 0 Redis repository interfaces.
25-01-11.13:30:37.917 [main            ] INFO  Version                - Redisson 3.23.4
25-01-11.13:30:38.036 [main            ] WARN  DnsServerAddressStreamProviders - Can not find io.netty.resolver.dns.macos.MacOSDnsServerAddressStreamProvider in the classpath, fallback to system defaults. This may result in incorrect DNS resolutions on MacOS. Check whether you have a dependency on 'io.netty:netty-resolver-dns-native-macos'
25-01-11.13:30:38.385 [redisson-netty-2-4] INFO  MasterPubSubConnectionPool - 1 connections initialized for 127.0.0.1/127.0.0.1:16379
25-01-11.13:30:38.415 [redisson-netty-2-13] INFO  MasterConnectionPool   - 5 connections initialized for 127.0.0.1/127.0.0.1:16379
25-01-11.13:30:40.272 [main            ] INFO  EndpointLinksResolver  - Exposing 1 endpoint(s) beneath base path '/actuator'
25-01-11.13:30:40.333 [main            ] INFO  LogicChainTest         - Started LogicChainTest in 5.316 seconds (JVM running for 6.274)
25-01-11.13:30:40.775 [main            ] INFO  HikariDataSource       - HikariPool-1 - Starting...
25-01-11.13:30:41.322 [main            ] INFO  HikariDataSource       - HikariPool-1 - Start completed.
25-01-11.13:30:41.737 [main            ] INFO  LogicChainTest         - 测试结果：true
25-01-11.13:30:41.770 [main            ] INFO  LogicChainTest         - 测试结果：true
25-01-11.13:30:41.806 [main            ] INFO  LogicChainTest         - 测试结果：true
25-01-11.13:30:41.819 [main            ] INFO  BlackListLogicChain    - 抽奖责任链-黑名单开始 userId: user001 strategyId: 100001 ruleModel: rule_blacklist
25-01-11.13:30:41.850 [main            ] INFO  BlackListLogicChain    - 抽奖责任链-黑名单接管 userId: user001 strategyId: 100001 ruleModel: rule_blacklist awardId: 100
25-01-11.13:30:41.850 [main            ] INFO  LogicChainTest         - 测试结果：100
25-01-11.13:30:41.898 [SpringApplicationShutdownHook] INFO  HikariDataSource       - HikariPool-1 - Shutdown initiated...
25-01-11.13:30:41.914 [SpringApplicationShutdownHook] INFO  HikariDataSource       - HikariPool-1 - Shutdown completed.
25-01-11.13:31:07.639 [main            ] INFO  LogicChainTest         - Starting LogicChainTest using Java 1.8.0_311 on liuguanzedeMBP with PID 11349 (started by carson in /Users/carson/Desktop/Microservice/big-market/big-market-app)
25-01-11.13:31:07.640 [main            ] INFO  LogicChainTest         - The following 1 profile is active: "dev"
25-01-11.13:31:08.625 [main            ] INFO  RepositoryConfigurationDelegate - Multiple Spring Data modules found, entering strict repository configuration mode
25-01-11.13:31:08.628 [main            ] INFO  RepositoryConfigurationDelegate - Bootstrapping Spring Data Redis repositories in DEFAULT mode.
25-01-11.13:31:08.669 [main            ] INFO  RepositoryConfigurationDelegate - Finished Spring Data repository scanning in 26 ms. Found 0 Redis repository interfaces.
25-01-11.13:31:09.887 [main            ] INFO  Version                - Redisson 3.23.4
25-01-11.13:31:09.976 [main            ] WARN  DnsServerAddressStreamProviders - Can not find io.netty.resolver.dns.macos.MacOSDnsServerAddressStreamProvider in the classpath, fallback to system defaults. This may result in incorrect DNS resolutions on MacOS. Check whether you have a dependency on 'io.netty:netty-resolver-dns-native-macos'
25-01-11.13:31:10.235 [redisson-netty-2-4] INFO  MasterPubSubConnectionPool - 1 connections initialized for 127.0.0.1/127.0.0.1:16379
25-01-11.13:31:10.262 [redisson-netty-2-13] INFO  MasterConnectionPool   - 5 connections initialized for 127.0.0.1/127.0.0.1:16379
25-01-11.13:31:11.898 [main            ] INFO  EndpointLinksResolver  - Exposing 1 endpoint(s) beneath base path '/actuator'
25-01-11.13:31:11.957 [main            ] INFO  LogicChainTest         - Started LogicChainTest in 4.75 seconds (JVM running for 5.639)
25-01-11.13:31:12.541 [main            ] INFO  HikariDataSource       - HikariPool-1 - Starting...
25-01-11.13:31:12.964 [main            ] INFO  HikariDataSource       - HikariPool-1 - Start completed.
25-01-11.13:31:13.066 [main            ] INFO  LogicChainTest         - 测试结果：true
25-01-11.13:31:13.081 [main            ] INFO  LogicChainTest         - 测试结果：true
25-01-11.13:31:13.102 [main            ] INFO  LogicChainTest         - 测试结果：true
25-01-11.13:31:13.109 [main            ] INFO  BlackListLogicChain    - 抽奖责任链-黑名单开始 userId: xiaofuge strategyId: 100001 ruleModel: rule_blacklist
25-01-11.13:31:13.144 [main            ] INFO  RuleWeightLogicChain   - 抽奖责任链-权重开始 userId: xiaofuge strategyId: 100001 ruleModel: rule_weight
25-01-11.13:31:13.155 [main            ] INFO  RuleWeightLogicChain   - 抽奖责任链-权重接管 userId: xiaofuge strategyId: 100001 ruleModel: rule_weight awardId: 104
25-01-11.13:31:13.155 [main            ] INFO  LogicChainTest         - 测试结果：104
25-01-11.13:31:13.211 [SpringApplicationShutdownHook] INFO  HikariDataSource       - HikariPool-1 - Shutdown initiated...
25-01-11.13:31:13.253 [SpringApplicationShutdownHook] INFO  HikariDataSource       - HikariPool-1 - Shutdown completed.
25-01-11.13:31:25.127 [main            ] INFO  LogicChainTest         - Starting LogicChainTest using Java 1.8.0_311 on liuguanzedeMBP with PID 11363 (started by carson in /Users/carson/Desktop/Microservice/big-market/big-market-app)
25-01-11.13:31:25.129 [main            ] INFO  LogicChainTest         - The following 1 profile is active: "dev"
25-01-11.13:31:27.388 [main            ] INFO  RepositoryConfigurationDelegate - Multiple Spring Data modules found, entering strict repository configuration mode
25-01-11.13:31:27.425 [main            ] INFO  RepositoryConfigurationDelegate - Bootstrapping Spring Data Redis repositories in DEFAULT mode.
25-01-11.13:31:27.497 [main            ] INFO  RepositoryConfigurationDelegate - Finished Spring Data repository scanning in 27 ms. Found 0 Redis repository interfaces.
25-01-11.13:31:30.406 [main            ] INFO  Version                - Redisson 3.23.4
25-01-11.13:31:30.495 [main            ] WARN  DnsServerAddressStreamProviders - Can not find io.netty.resolver.dns.macos.MacOSDnsServerAddressStreamProvider in the classpath, fallback to system defaults. This may result in incorrect DNS resolutions on MacOS. Check whether you have a dependency on 'io.netty:netty-resolver-dns-native-macos'
25-01-11.13:31:31.128 [redisson-netty-2-5] INFO  MasterPubSubConnectionPool - 1 connections initialized for 127.0.0.1/127.0.0.1:16379
25-01-11.13:31:31.167 [redisson-netty-2-13] INFO  MasterConnectionPool   - 5 connections initialized for 127.0.0.1/127.0.0.1:16379
25-01-11.13:31:34.449 [main            ] INFO  EndpointLinksResolver  - Exposing 1 endpoint(s) beneath base path '/actuator'
25-01-11.13:31:34.616 [main            ] INFO  LogicChainTest         - Started LogicChainTest in 10.337 seconds (JVM running for 12.943)
25-01-11.13:31:38.645 [main            ] INFO  LogicChainTest         - Starting LogicChainTest using Java 1.8.0_311 on liuguanzedeMBP with PID 11386 (started by carson in /Users/carson/Desktop/Microservice/big-market/big-market-app)
25-01-11.13:31:38.646 [main            ] INFO  LogicChainTest         - The following 1 profile is active: "dev"
25-01-11.13:31:40.355 [main            ] INFO  RepositoryConfigurationDelegate - Multiple Spring Data modules found, entering strict repository configuration mode
25-01-11.13:31:40.358 [main            ] INFO  RepositoryConfigurationDelegate - Bootstrapping Spring Data Redis repositories in DEFAULT mode.
25-01-11.13:31:40.399 [main            ] INFO  RepositoryConfigurationDelegate - Finished Spring Data repository scanning in 22 ms. Found 0 Redis repository interfaces.
25-01-11.13:31:42.461 [main            ] INFO  Version                - Redisson 3.23.4
25-01-11.13:31:42.557 [main            ] WARN  DnsServerAddressStreamProviders - Can not find io.netty.resolver.dns.macos.MacOSDnsServerAddressStreamProvider in the classpath, fallback to system defaults. This may result in incorrect DNS resolutions on MacOS. Check whether you have a dependency on 'io.netty:netty-resolver-dns-native-macos'
25-01-11.13:31:42.919 [redisson-netty-2-4] INFO  MasterPubSubConnectionPool - 1 connections initialized for 127.0.0.1/127.0.0.1:16379
25-01-11.13:31:42.974 [redisson-netty-2-13] INFO  MasterConnectionPool   - 5 connections initialized for 127.0.0.1/127.0.0.1:16379
25-01-11.13:31:45.538 [main            ] INFO  EndpointLinksResolver  - Exposing 1 endpoint(s) beneath base path '/actuator'
25-01-11.13:31:45.675 [main            ] INFO  LogicChainTest         - Started LogicChainTest in 7.826 seconds (JVM running for 9.569)
25-01-11.13:31:46.538 [main            ] INFO  HikariDataSource       - HikariPool-1 - Starting...
25-01-11.13:31:47.209 [main            ] INFO  HikariDataSource       - HikariPool-1 - Start completed.
25-01-11.13:31:47.570 [main            ] INFO  LogicChainTest         - 测试结果：true
25-01-11.13:31:47.600 [main            ] INFO  LogicChainTest         - 测试结果：true
25-01-11.13:31:47.639 [main            ] INFO  LogicChainTest         - 测试结果：true
25-01-11.13:31:47.645 [main            ] INFO  BlackListLogicChain    - 抽奖责任链-黑名单开始 userId: xiaofuge strategyId: 100001 ruleModel: rule_blacklist
25-01-11.13:31:47.691 [main            ] INFO  RuleWeightLogicChain   - 抽奖责任链-权重开始 userId: xiaofuge strategyId: 100001 ruleModel: rule_weight
25-01-11.13:31:47.697 [main            ] INFO  RuleWeightLogicChain   - 抽奖责任链-权重放行 userId: xiaofuge strategyId: 100001 ruleModel: rule_weight
25-01-11.13:31:47.705 [main            ] INFO  DefaultLogicChain      - 抽奖责任链-默认处理 userId: xiaofuge strategyId: 100001 ruleModel: default awardId: 103
25-01-11.13:31:47.705 [main            ] INFO  LogicChainTest         - 测试结果：103
25-01-11.13:31:47.770 [SpringApplicationShutdownHook] INFO  HikariDataSource       - HikariPool-1 - Shutdown initiated...
25-01-11.13:31:47.782 [SpringApplicationShutdownHook] INFO  HikariDataSource       - HikariPool-1 - Shutdown completed.
25-01-11.14:51:53.440 [main            ] INFO  LogicChainTest         - Starting LogicChainTest using Java 1.8.0_311 on liuguanzedeMBP with PID 14011 (started by carson in /Users/carson/Desktop/Microservice/big-market/big-market-app)
25-01-11.14:51:53.442 [main            ] INFO  LogicChainTest         - The following 1 profile is active: "dev"
25-01-11.14:51:55.472 [main            ] INFO  RepositoryConfigurationDelegate - Multiple Spring Data modules found, entering strict repository configuration mode
25-01-11.14:51:55.479 [main            ] INFO  RepositoryConfigurationDelegate - Bootstrapping Spring Data Redis repositories in DEFAULT mode.
25-01-11.14:51:55.577 [main            ] INFO  RepositoryConfigurationDelegate - Finished Spring Data repository scanning in 56 ms. Found 0 Redis repository interfaces.
25-01-11.14:52:00.154 [main            ] INFO  Version                - Redisson 3.23.4
25-01-11.14:52:00.261 [main            ] WARN  DnsServerAddressStreamProviders - Can not find io.netty.resolver.dns.macos.MacOSDnsServerAddressStreamProvider in the classpath, fallback to system defaults. This may result in incorrect DNS resolutions on MacOS. Check whether you have a dependency on 'io.netty:netty-resolver-dns-native-macos'
25-01-11.14:52:00.751 [redisson-netty-2-4] INFO  MasterPubSubConnectionPool - 1 connections initialized for 127.0.0.1/127.0.0.1:16379
25-01-11.14:52:00.780 [redisson-netty-2-13] INFO  MasterConnectionPool   - 5 connections initialized for 127.0.0.1/127.0.0.1:16379
25-01-11.14:52:02.819 [main            ] INFO  EndpointLinksResolver  - Exposing 1 endpoint(s) beneath base path '/actuator'
25-01-11.14:52:02.895 [main            ] INFO  LogicChainTest         - Started LogicChainTest in 9.848 seconds (JVM running for 10.876)
25-01-11.14:52:03.648 [main            ] INFO  HikariDataSource       - HikariPool-1 - Starting...
25-01-11.14:52:04.262 [main            ] INFO  HikariDataSource       - HikariPool-1 - Start completed.
25-01-11.14:52:04.388 [main            ] INFO  LogicChainTest         - 测试结果：true
25-01-11.14:52:04.406 [main            ] INFO  LogicChainTest         - 测试结果：true
25-01-11.14:52:04.443 [main            ] INFO  LogicChainTest         - 测试结果：true
25-01-11.14:52:04.449 [main            ] INFO  BlackListLogicChain    - 抽奖责任链-黑名单开始 userId: xiaofuge strategyId: 100001 ruleModel: rule_blacklist
25-01-11.14:52:04.511 [main            ] INFO  RuleWeightLogicChain   - 抽奖责任链-权重开始 userId: xiaofuge strategyId: 100001 ruleModel: rule_weight
25-01-11.14:52:04.523 [main            ] INFO  RuleWeightLogicChain   - 抽奖责任链-权重放行 userId: xiaofuge strategyId: 100001 ruleModel: rule_weight
25-01-11.14:52:04.530 [main            ] INFO  DefaultLogicChain      - 抽奖责任链-默认处理 userId: xiaofuge strategyId: 100001 ruleModel: default awardId: 102
25-01-11.14:52:04.530 [main            ] INFO  LogicChainTest         - 测试结果：102
25-01-11.14:52:04.588 [SpringApplicationShutdownHook] INFO  HikariDataSource       - HikariPool-1 - Shutdown initiated...
25-01-11.14:52:04.598 [SpringApplicationShutdownHook] INFO  HikariDataSource       - HikariPool-1 - Shutdown completed.
